cv_rep,row_index,eye_code,y_true,y_prob
0,0,28,1,0.9824890507262344
0,1,28,1,0.007977310154764387
0,2,53,1,0.55554969952639
0,3,53,1,0.0004396735329840295
0,4,18,1,0.45516554740165527
0,5,18,1,0.46209783078663436
0,6,24,1,0.49895283404789453
0,7,24,1,0.5135625381356306
0,8,7,1,0.48925436648819903
0,9,7,1,0.48740451691250636
0,10,17,1,0.48185753401893366
0,11,17,1,0.4983690698075963
0,12,27,1,0.4831669457674504
0,13,27,1,0.5128096748325879
0,14,48,1,0.494606748254877
0,15,48,1,0.4784410848094142
0,16,57,1,0.3731870737251013
0,17,57,1,0.14580103585466606
0,18,39,1,0.6287469238328083
0,19,39,1,0.3398963995013299
0,20,49,0,0.49429566269436426
0,21,49,0,0.5198510694632168
0,22,5,0,0.5341392418933995
0,23,5,0,0.51214266614074
0,24,55,0,0.5774811492089329
0,25,55,0,0.5124643912750652
0,26,25,0,0.5197447822680856
0,27,25,0,0.5535287878720164
0,28,29,0,0.8604179822100698
0,29,29,0,0.2602968170134747
0,30,31,1,0.11225516800251867
0,31,31,1,0.14757387228283592
0,32,34,0,0.969880849803684
0,33,34,0,0.6339238871640751
0,34,20,0,0.5274414770486583
0,35,20,0,0.1331789122548375
0,36,50,0,0.4966230708650014
0,37,50,0,0.49251936234468974
0,38,44,0,0.5191698202781462
0,39,44,0,0.4869432256499382
0,40,40,0,0.5494527481713809
0,41,40,0,0.5983947232945918
0,42,52,0,0.6117466281165164
0,43,52,0,0.7568682863184412
0,44,46,1,0.4263311815868622
0,45,46,1,0.49897970705622424
0,46,4,1,0.5561362736891107
0,47,4,1,0.4622304393797622
0,48,26,0,0.5083770763569422
0,49,26,0,0.4966668848024448
0,50,15,0,0.5257549019255618
0,51,15,0,0.5290480693306386
0,52,32,1,0.38240430602435727
0,53,32,1,0.2313244980927902
0,54,23,1,0.3102232884272248
0,55,23,1,0.3066322841783775
0,56,37,1,0.5806758797130837
0,57,37,1,0.4371375961276955
0,58,9,1,0.6671074772799768
0,59,9,1,0.49935872324193953
0,60,54,1,0.06572220142349382
0,61,54,1,0.1119919970708575
0,62,21,0,0.9948168875486099
0,63,21,0,0.8214739090403366
0,64,16,0,0.45553493532752626
0,65,16,0,0.9990266953722998
0,66,3,0,0.999976512302674
0,67,3,0,0.749966110629869
0,68,30,0,0.39162489538565826
0,69,30,0,0.7702431971964752
0,70,10,0,0.5270985861684917
0,71,10,0,0.8284038233407316
0,72,47,1,0.28871359864610446
0,73,47,1,0.27656146197175535
0,74,51,0,0.08020058358184184
0,75,51,0,0.36123710723936586
0,76,6,1,0.4987282366091426
0,77,6,1,0.4878009744126009
0,78,38,1,0.47300346470156696
0,79,38,1,0.47672926885837225
0,80,11,0,0.6871900793547133
0,81,11,0,0.02496068275283537
0,82,42,0,0.9999780157706326
0,83,42,0,0.006537261728371229
0,84,41,1,0.5424884885271397
0,85,41,1,0.5693999710145744
0,86,22,0,0.4391756622204814
0,87,22,0,0.48168467569192125
0,88,19,0,0.09466504510951017
0,89,19,0,0.4231328730086491
0,90,35,1,0.01833065461449844
0,91,35,1,0.08386265261308898
0,92,0,0,0.49275774709465975
0,93,0,0,0.49633510534003494
0,94,45,1,0.4871036537707009
0,95,45,1,0.46125574812455583
0,96,12,0,0.4832819347217922
0,97,12,0,0.5775086789829889
0,98,43,0,0.6687252278620889
0,99,43,0,0.48839365424718084
0,100,14,1,0.4822588307113559
0,101,14,1,0.4785600359266232
0,102,56,1,0.4673105348883195
0,103,56,1,0.4733032713287142
0,104,2,1,0.478443800065287
0,105,2,1,0.47128603068013014
0,106,36,1,0.4855134083942347
0,107,36,1,0.47194076382108785
0,108,33,1,0.6583605115690205
0,109,33,1,0.552219407370721
0,110,1,1,0.5168237565470355
0,111,1,1,0.44190628724118497
0,112,13,1,0.17022391020148078
0,113,13,1,0.5832122243000883
0,114,8,1,0.890747896105192
0,115,8,1,1.1638644999618073e-07
1,0,28,1,0.8947196325854495
1,1,28,1,0.07656756858890458
1,2,53,1,0.30408219804151954
1,3,53,1,0.053699790295616515
1,4,18,1,0.33846937336984306
1,5,18,1,0.2945762454676348
1,6,24,1,0.4498736842417435
1,7,24,1,0.20503343314081804
1,8,7,1,0.46022270308669005
1,9,7,1,0.4482884211028805
1,10,17,1,0.4871391168294344
1,11,17,1,0.5039588130069145
1,12,27,1,0.4884261900471192
1,13,27,1,0.4845551828617313
1,14,48,1,0.4871634828573452
1,15,48,1,0.4729756619402624
1,16,57,1,0.3628393306972638
1,17,57,1,0.14623285791574586
1,18,39,1,0.560417503184696
1,19,39,1,0.4618661233872341
1,20,49,0,0.3462249381206015
1,21,49,0,0.5430043798493718
1,22,5,0,0.9547435892020577
1,23,5,0,0.7226785229501232
1,24,55,0,0.6684197177104801
1,25,55,0,0.8806538050700935
1,26,25,0,0.18202546782741463
1,27,25,0,0.48736795431993096
1,28,29,0,0.8994875029194854
1,29,29,0,0.41868800051224453
1,30,31,1,0.104423230611595
1,31,31,1,0.028173532483678668
1,32,34,0,0.9999997457362599
1,33,34,0,0.9855130314724923
1,34,20,0,0.6318917136589373
1,35,20,0,0.05397160812561518
1,36,50,0,0.2985388552818959
1,37,50,0,0.6699945797782632
1,38,44,0,0.5809063153934826
1,39,44,0,0.2711456332232148
1,40,40,0,0.49743176747875534
1,41,40,0,0.4848059443007474
1,42,52,0,0.5164071292563636
1,43,52,0,0.5119655338724047
1,44,46,1,0.3770283258933656
1,45,46,1,0.4201838389901153
1,46,4,1,0.8561935241685033
1,47,4,1,0.43972511358309524
1,48,26,0,0.186392584923287
1,49,26,0,0.14789453201660144
1,50,15,0,0.6782362469593384
1,51,15,0,0.44020411911189783
1,52,32,1,0.47884226834326216
1,53,32,1,0.5010963687031967
1,54,23,1,0.467554311998387
1,55,23,1,0.49341414489684937
1,56,37,1,0.8995998357440506
1,57,37,1,0.43064478151714114
1,58,9,1,0.9920374534432208
1,59,9,1,0.07875531930773187
1,60,54,1,0.023208034217617655
1,61,54,1,0.5926181783068886
1,62,21,0,0.9170946020346261
1,63,21,0,0.9616336014622673
1,64,16,0,0.3588917848643636
1,65,16,0,0.8534138370562052
1,66,3,0,0.9375434369447275
1,67,3,0,0.7886597632834229
1,68,30,0,0.849736239279009
1,69,30,0,0.8324075541350535
1,70,10,0,0.037203897234639356
1,71,10,0,0.9983113728174509
1,72,47,1,0.47569605493936185
1,73,47,1,0.4777507045837988
1,74,51,0,0.5338244752895306
1,75,51,0,0.5217707361634635
1,76,6,1,0.7305678759964502
1,77,6,1,0.48811893561506914
1,78,38,1,0.532705614834452
1,79,38,1,0.5630387748325001
1,80,11,0,0.5347231902684693
1,81,11,0,0.47983121235384774
1,82,42,0,0.5334964098676762
1,83,42,0,0.4789793397615667
1,84,41,1,0.5984141049299999
1,85,41,1,0.5658007527471652
1,86,22,0,0.4328091371779135
1,87,22,0,0.605219565760529
1,88,19,0,0.18993009333986863
1,89,19,0,0.7804354769033843
1,90,35,1,0.12434817354737002
1,91,35,1,0.2438349869549881
1,92,0,0,0.6619923365278124
1,93,0,0,0.1463386303162436
1,94,45,1,0.6721352566988783
1,95,45,1,0.5183189338380757
1,96,12,0,0.8436461970763016
1,97,12,0,0.651552904407223
1,98,43,0,0.6513195724806313
1,99,43,0,0.3129323421646191
1,100,14,1,0.8443581820583255
1,101,14,1,0.9637803614830083
1,102,56,1,0.7747742059438149
1,103,56,1,0.5233034977748894
1,104,2,1,0.9910923258672956
1,105,2,1,0.2903595141375659
1,106,36,1,0.0011508911325168111
1,107,36,1,0.14467038799185436
1,108,33,1,0.5245613901682867
1,109,33,1,0.005199060815792902
1,110,1,1,0.24294541889277566
1,111,1,1,0.38378776867562153
1,112,13,1,0.2626883109894807
1,113,13,1,0.43623052273712426
1,114,8,1,0.8583975061847045
1,115,8,1,0.00014550750774741439
2,0,28,1,0.9778077546327343
2,1,28,1,0.13076686965138062
2,2,53,1,0.3289209811473258
2,3,53,1,0.1262858119228298
2,4,18,1,0.40919407302872846
2,5,18,1,0.8407476616087788
2,6,24,1,0.6231249980923208
2,7,24,1,0.45317637534459665
2,8,7,1,0.9934314981594213
2,9,7,1,0.5008269413911822
2,10,17,1,0.8220010703590944
2,11,17,1,0.9848475570724547
2,12,27,1,0.9630725106063659
2,13,27,1,0.050861877927559175
2,14,48,1,0.8686429945952681
2,15,48,1,0.987819997870304
2,16,57,1,0.18985939454154296
2,17,57,1,0.28506215044786803
2,18,39,1,0.5503611123104334
2,19,39,1,0.2665245513210627
2,20,49,0,0.7375198339414066
2,21,49,0,0.5925911792092736
2,22,5,0,0.9874874207706342
2,23,5,0,0.9924911250170242
2,24,55,0,0.9772085997442171
2,25,55,0,0.9920572338688368
2,26,25,0,0.035994224427248186
2,27,25,0,0.8676713240975733
2,28,29,0,0.9404578810175978
2,29,29,0,0.323516243753341
2,30,31,1,0.0029254948326787457
2,31,31,1,0.0018268061821264444
2,32,34,0,0.9999679354759083
2,33,34,0,0.4987168068708689
2,34,20,0,0.9066346538791915
2,35,20,0,0.0705177155829233
2,36,50,0,0.13083343585565582
2,37,50,0,0.24895608624694276
2,38,44,0,0.897403034370695
2,39,44,0,0.11952866322876388
2,40,40,0,0.626150279423556
2,41,40,0,0.9622852092880292
2,42,52,0,0.7987293559206688
2,43,52,0,0.9897673056991328
2,44,46,1,0.13691858138657922
2,45,46,1,0.014424063957811453
2,46,4,1,0.7695045375926196
2,47,4,1,0.8468887753314277
2,48,26,0,0.008943733815227247
2,49,26,0,0.036443542592158394
2,50,15,0,0.9893875742890892
2,51,15,0,0.45707174298610587
2,52,32,1,0.3429529168700696
2,53,32,1,0.5242452432068891
2,54,23,1,0.36827605924720197
2,55,23,1,0.24617407677839084
2,56,37,1,0.9982467259065865
2,57,37,1,0.2540943329424387
2,58,9,1,0.9293199183761308
2,59,9,1,0.41545956816977037
2,60,54,1,0.022109090330052594
2,61,54,1,0.9260585426774005
2,62,21,0,0.7491662150521815
2,63,21,0,0.9694614530066852
2,64,16,0,0.46807153229866283
2,65,16,0,0.9287992495304555
2,66,3,0,0.9643043490955997
2,67,3,0,0.9068255675915383
2,68,30,0,0.7651278535582582
2,69,30,0,0.8317581896425462
2,70,10,0,0.5653337179486903
2,71,10,0,0.9426156556800286
2,72,47,1,0.014189449261439946
2,73,47,1,0.35345277589135005
2,74,51,0,0.2554103353103946
2,75,51,0,0.03573911079275686
2,76,6,1,0.8944872133398788
2,77,6,1,0.7581160669463013
2,78,38,1,0.6215887537611462
2,79,38,1,0.6382587556513133
2,80,11,0,0.8570190348531945
2,81,11,0,0.002017035779440434
2,82,42,0,0.9860296792797534
2,83,42,0,0.005048727428139433
2,84,41,1,0.778540157808743
2,85,41,1,0.8183844951984964
2,86,22,0,0.011467497915067047
2,87,22,0,0.9253291041483216
2,88,19,0,0.08071218705991179
2,89,19,0,0.9921886780500354
2,90,35,1,0.0024574950201718166
2,91,35,1,0.1889676423828916
2,92,0,0,0.02673934325883551
2,93,0,0,0.6302251252644848
2,94,45,1,0.18285499243729533
2,95,45,1,0.7721825452161163
2,96,12,0,0.6993699232903621
2,97,12,0,0.25568100057742554
2,98,43,0,0.7823658450692562
2,99,43,0,3.3189508853091855e-05
2,100,14,1,0.7003177192201021
2,101,14,1,0.7786910306216964
2,102,56,1,0.8701035198895876
2,103,56,1,0.0009131064903239741
2,104,2,1,0.7065200212048225
2,105,2,1,0.12200658347006038
2,106,36,1,0.002028128679779721
2,107,36,1,0.5625637012163898
2,108,33,1,0.9098780588447751
2,109,33,1,0.0060246262502945645
2,110,1,1,0.9259628478612337
2,111,1,1,0.9998298875250603
2,112,13,1,0.013294615909478743
2,113,13,1,0.28875245001358774
2,114,8,1,0.9995775619537154
2,115,8,1,8.245877075026438e-11
3,0,28,1,0.9839328795187632
3,1,28,1,0.002273784559216211
3,2,53,1,0.9751355198082239
3,3,53,1,0.007765326613614189
3,4,18,1,0.1772453488332364
3,5,18,1,0.26692869220178495
3,6,24,1,0.8051881467416906
3,7,24,1,0.436377005421343
3,8,7,1,0.9708158616812539
3,9,7,1,0.16480125904275958
3,10,17,1,0.015540546190204455
3,11,17,1,0.953820136818657
3,12,27,1,0.7780349586502294
3,13,27,1,0.070315237503017
3,14,48,1,0.360654645749554
3,15,48,1,0.7223422408681496
3,16,57,1,0.41537270285214095
3,17,57,1,0.18059869827807323
3,18,39,1,0.8173880334625824
3,19,39,1,0.4454630207360326
3,20,49,0,0.4321596983929875
3,21,49,0,0.7590649923727922
3,22,5,0,0.993957029418313
3,23,5,0,0.9900445518415408
3,24,55,0,0.999911732525362
3,25,55,0,0.9978182564669368
3,26,25,0,0.03162884318019435
3,27,25,0,0.9042230958271147
3,28,29,0,0.8906694887277233
3,29,29,0,0.15700144468874241
3,30,31,1,0.0944658996925723
3,31,31,1,0.22073980731608403
3,32,34,0,0.9823368272034777
3,33,34,0,0.7708532033116952
3,34,20,0,0.4149232262114633
3,35,20,0,0.18416310181195686
3,36,50,0,0.4180309371181309
3,37,50,0,0.44581214624512194
3,38,44,0,0.5774189742748168
3,39,44,0,0.1584041950621632
3,40,40,0,0.5703494845700167
3,41,40,0,0.920372635882286
3,42,52,0,0.2702065616742317
3,43,52,0,0.9639254666591246
3,44,46,1,0.4749233190662221
3,45,46,1,0.26916863463052254
3,46,4,1,0.8941823554584751
3,47,4,1,0.3002789488887808
3,48,26,0,0.08256568927119684
3,49,26,0,0.22319223890759246
3,50,15,0,0.9762581674360353
3,51,15,0,0.21766236279509432
3,52,32,1,0.7891352251651953
3,53,32,1,0.9999942305567351
3,54,23,1,0.044690863789626716
3,55,23,1,0.8897244288044113
3,56,37,1,0.8850624899395344
3,57,37,1,0.2799000842139648
3,58,9,1,0.983679788839796
3,59,9,1,0.7206022992600163
3,60,54,1,0.2785874992313081
3,61,54,1,0.6029896056720303
3,62,21,0,0.8985243569466185
3,63,21,0,0.46202716426239654
3,64,16,0,0.321267854339028
3,65,16,0,0.8758992468980877
3,66,3,0,0.8622382408356509
3,67,3,0,0.5580759794544797
3,68,30,0,0.6153616478532429
3,69,30,0,0.8518269086519044
3,70,10,0,0.5525584865724058
3,71,10,0,0.8801492702416713
3,72,47,1,0.018970762631193277
3,73,47,1,0.013062755832396841
3,74,51,0,0.8542209265267497
3,75,51,0,0.19057737748415426
3,76,6,1,0.7691905782988867
3,77,6,1,0.659782667600322
3,78,38,1,0.925565773682118
3,79,38,1,0.905708355210466
3,80,11,0,0.8300822271259356
3,81,11,0,0.4043720327656336
3,82,42,0,0.5870497811348863
3,83,42,0,0.19041555613552147
3,84,41,1,0.9233020255862161
3,85,41,1,0.6338025019729548
3,86,22,0,0.5818070498405633
3,87,22,0,0.6445582416981995
3,88,19,0,0.17435248678037615
3,89,19,0,0.8291946729370887
3,90,35,1,0.17704773009527963
3,91,35,1,0.4562416964642167
3,92,0,0,0.4898116156981081
3,93,0,0,0.5040444666786549
3,94,45,1,0.3998730219919034
3,95,45,1,0.36497836189848987
3,96,12,0,0.9132530916736231
3,97,12,0,0.4178520794541032
3,98,43,0,0.792743214876415
3,99,43,0,3.911096236737161e-05
3,100,14,1,0.7174871054984969
3,101,14,1,0.9205592536432325
3,102,56,1,0.8433868573050827
3,103,56,1,0.4373139646388192
3,104,2,1,0.6375805487761455
3,105,2,1,0.18792563895739497
3,106,36,1,0.021924888336939022
3,107,36,1,0.28756868465299606
3,108,33,1,0.8216645864602202
3,109,33,1,0.5046684466201308
3,110,1,1,0.7074663374217423
3,111,1,1,0.9261746802367704
3,112,13,1,0.0018768918655011808
3,113,13,1,0.858050525136704
3,114,8,1,0.9609742652625687
3,115,8,1,4.485519901983931e-08
4,0,28,1,0.9140798847503704
4,1,28,1,0.26491300562086195
4,2,53,1,0.6833115955547722
4,3,53,1,0.08914707802484609
4,4,18,1,0.23441036357017028
4,5,18,1,0.44386807918301996
4,6,24,1,0.7633155699913353
4,7,24,1,0.4717810829509024
4,8,7,1,0.993466895121413
4,9,7,1,0.23643064673244477
4,10,17,1,0.7916239993118894
4,11,17,1,0.9456286194800451
4,12,27,1,0.9617615577301002
4,13,27,1,0.006966403426210003
4,14,48,1,0.5297251884041548
4,15,48,1,0.988216370841694
4,16,57,1,0.5182091362718384
4,17,57,1,0.0003618755810621389
4,18,39,1,0.9549731278847774
4,19,39,1,0.115901198287965
4,20,49,0,0.8295969212517286
4,21,49,0,0.2599948951738408
4,22,5,0,0.9215287796442471
4,23,5,0,0.9920469005883524
4,24,55,0,0.5347590556669575
4,25,55,0,0.6084922942773763
4,26,25,0,0.34971699400820305
4,27,25,0,0.8049143820914573
4,28,29,0,0.7842418041980531
4,29,29,0,0.01869677647039611
4,30,31,1,0.0006132869066967985
4,31,31,1,0.005707130737314803
4,32,34,0,0.9999704439309568
4,33,34,0,0.9916580107421195
4,34,20,0,0.4442523513811041
4,35,20,0,0.5433919569455045
4,36,50,0,0.3092706893188999
4,37,50,0,0.8085298724870127
4,38,44,0,0.7404926491013093
4,39,44,0,0.04002356841352896
4,40,40,0,0.26342205945033653
4,41,40,0,0.9765409290058712
4,42,52,0,0.08326242080064089
4,43,52,0,0.9920648593705892
4,44,46,1,0.05884971645425181
4,45,46,1,0.0066975986550898755
4,46,4,1,0.7223357335128727
4,47,4,1,0.7780789831787323
4,48,26,0,0.10261456604734301
4,49,26,0,0.009467627841198574
4,50,15,0,0.7945047436819621
4,51,15,0,0.1848695781257997
4,52,32,1,0.0616835667297375
4,53,32,1,0.0102955012163387
4,54,23,1,0.18433779390979713
4,55,23,1,0.09576848230088011
4,56,37,1,0.9866843108639061
4,57,37,1,0.6762227034826499
4,58,9,1,0.9997088619834487
4,59,9,1,0.3064810210311999
4,60,54,1,0.04853390316817919
4,61,54,1,0.753950497099497
4,62,21,0,0.9826567794878007
4,63,21,0,0.5258499461530368
4,64,16,0,0.23299190850124238
4,65,16,0,0.7132705572893555
4,66,3,0,0.9203868944374695
4,67,3,0,0.4601462831323763
4,68,30,0,0.7519361742786016
4,69,30,0,0.7879375797345112
4,70,10,0,0.03437920890758705
4,71,10,0,0.9893881298811045
4,72,47,1,0.16525057376424582
4,73,47,1,0.1229105495933604
4,74,51,0,0.010842195123347493
4,75,51,0,0.9855175282680384
4,76,6,1,0.764479107748792
4,77,6,1,0.7459116559459051
4,78,38,1,0.33063163697488507
4,79,38,1,0.6282790518776801
4,80,11,0,0.9106869148199648
4,81,11,0,0.08369540534061248
4,82,42,0,0.9963738887523818
4,83,42,0,0.009752887059520104
4,84,41,1,0.07586977887308688
4,85,41,1,0.5394019388961798
4,86,22,0,0.0035688496276478038
4,87,22,0,0.9687786048960623
4,88,19,0,0.20930243227933848
4,89,19,0,0.8570768131575218
4,90,35,1,0.2813239569134815
4,91,35,1,0.18046100318384825
4,92,0,0,0.055487234411770066
4,93,0,0,0.07922617246170488
4,94,45,1,0.1437633587583652
4,95,45,1,0.5208674048474593
4,96,12,0,0.7542976193170321
4,97,12,0,0.9425363684262644
4,98,43,0,0.9778024409910608
4,99,43,0,0.000527719471608965
4,100,14,1,0.6954535364564558
4,101,14,1,0.9795788731556391
4,102,56,1,0.9940275484947467
4,103,56,1,0.24679776231136868
4,104,2,1,0.999653280084503
4,105,2,1,0.15709231079016123
4,106,36,1,0.003375723047942395
4,107,36,1,0.6288567187750261
4,108,33,1,0.9485702483879423
4,109,33,1,0.5102696740765327
4,110,1,1,0.5961513176073185
4,111,1,1,0.9202240275760853
4,112,13,1,0.01697458521107777
4,113,13,1,0.0913964772938991
4,114,8,1,0.8836146231248291
4,115,8,1,1.0645931501378549e-11
5,0,28,1,0.8488900387763796
5,1,28,1,0.3305364745957314
5,2,53,1,0.4171405467670838
5,3,53,1,0.3125843728685484
5,4,18,1,0.7949961430146861
5,5,18,1,0.3855127012282032
5,6,24,1,0.9362467724695807
5,7,24,1,0.08701853893429685
5,8,7,1,0.6401264700837015
5,9,7,1,0.31702345494076895
5,10,17,1,0.4472125613478186
5,11,17,1,0.7011600141670925
5,12,27,1,0.8383126948411034
5,13,27,1,0.1121783576305013
5,14,48,1,0.3556626133830284
5,15,48,1,0.6455132653273504
5,16,57,1,0.32530989780578534
5,17,57,1,0.3509265702210059
5,18,39,1,0.43824432075555114
5,19,39,1,0.3738610957992684
5,20,49,0,0.8431842367871364
5,21,49,0,0.1710999775301219
5,22,5,0,0.9984468597664081
5,23,5,0,0.9882220187230463
5,24,55,0,0.2790377886606196
5,25,55,0,0.550781055812604
5,26,25,0,0.23301477403977247
5,27,25,0,0.8923689633690045
5,28,29,0,0.9732357554144649
5,29,29,0,0.5001652903075321
5,30,31,1,0.006344898009929068
5,31,31,1,7.875184357117632e-06
5,32,34,0,0.9999994762368626
5,33,34,0,0.9399196373307944
5,34,20,0,0.717790748338458
5,35,20,0,0.02747824793670858
5,36,50,0,0.4012682384051564
5,37,50,0,0.5052158513324871
5,38,44,0,0.5124287982842393
5,39,44,0,0.3246361572424264
5,40,40,0,0.6602917012366525
5,41,40,0,0.8136190411637682
5,42,52,0,0.5106233788351997
5,43,52,0,0.9144455494536432
5,44,46,1,0.6959461600093323
5,45,46,1,0.21582184507793875
5,46,4,1,0.9852035021924795
5,47,4,1,0.26585554441072123
5,48,26,0,0.012322741343831031
5,49,26,0,0.07023127333566752
5,50,15,0,0.458486918039566
5,51,15,0,0.05492622930222472
5,52,32,1,0.5146789244106529
5,53,32,1,0.4364265370623395
5,54,23,1,0.3300496944585819
5,55,23,1,0.36447373975545816
5,56,37,1,0.9974762946080571
5,57,37,1,0.019593481017837693
5,58,9,1,0.9797857890062689
5,59,9,1,0.927633992766659
5,60,54,1,0.019652157417653776
5,61,54,1,0.7447452063309553
5,62,21,0,0.9151754025541887
5,63,21,0,0.7827728921653447
5,64,16,0,0.5086219779010639
5,65,16,0,0.6857889528254232
5,66,3,0,0.6960381014901119
5,67,3,0,0.6597581958585014
5,68,30,0,0.29533597161013797
5,69,30,0,0.8199604170004877
5,70,10,0,0.01885026896727815
5,71,10,0,0.9986021864801424
5,72,47,1,0.09986219863927459
5,73,47,1,0.1672627618607781
5,74,51,0,0.7508518965111547
5,75,51,0,0.44150372712949437
5,76,6,1,0.9719894496062986
5,77,6,1,0.8837664469454808
5,78,38,1,0.2883423515056233
5,79,38,1,0.6926093487348234
5,80,11,0,0.9985851212034124
5,81,11,0,0.04371551901850078
5,82,42,0,0.9204384156812818
5,83,42,0,0.01903645638649911
5,84,41,1,0.5774097749921717
5,85,41,1,0.5093403163517726
5,86,22,0,0.49961588224421605
5,87,22,0,0.5386853822524224
5,88,19,0,0.1951776114054234
5,89,19,0,0.8490160423540792
5,90,35,1,0.0018507923653641766
5,91,35,1,0.18983545065715868
5,92,0,0,0.6253486687336209
5,93,0,0,0.009072589448506292
5,94,45,1,0.2067321877680668
5,95,45,1,0.9929029090889254
5,96,12,0,0.10419275449333826
5,97,12,0,0.02413576306229583
5,98,43,0,0.837953833804489
5,99,43,0,3.989638636872247e-05
5,100,14,1,0.7965674266556585
5,101,14,1,0.7445724925640379
5,102,56,1,0.6440412279327896
5,103,56,1,0.42598465325111023
5,104,2,1,0.17604590415088714
5,105,2,1,0.3413523252259447
5,106,36,1,0.16278743707810228
5,107,36,1,0.5808001937638747
5,108,33,1,0.9258768252366498
5,109,33,1,0.1725808540185917
5,110,1,1,0.98425972539775
5,111,1,1,0.9994245135959672
5,112,13,1,0.10978839029875495
5,113,13,1,0.11563762302919192
5,114,8,1,0.9958389994031114
5,115,8,1,4.518752855545453e-12
6,0,28,1,0.6016749036064921
6,1,28,1,0.008260872769901286
6,2,53,1,0.08884835282681437
6,3,53,1,0.007920009916037803
6,4,18,1,0.19456343251087804
6,5,18,1,0.32680009672455546
6,6,24,1,0.6272051118537488
6,7,24,1,0.1906447319449339
6,8,7,1,0.8568123205471985
6,9,7,1,0.7660095117220873
6,10,17,1,0.2974216231725971
6,11,17,1,0.8805615538105984
6,12,27,1,0.7120118403937579
6,13,27,1,0.19123809545474324
6,14,48,1,0.9009585255254127
6,15,48,1,0.6884947602757966
6,16,57,1,0.5288753905144573
6,17,57,1,0.016361265793916936
6,18,39,1,0.8573635233206789
6,19,39,1,0.47938446758955794
6,20,49,0,0.474677777579126
6,21,49,0,0.49711369000450184
6,22,5,0,0.8453930088521759
6,23,5,0,0.6406921214959967
6,24,55,0,0.1598524383100194
6,25,55,0,0.6025201207638536
6,26,25,0,0.1888412637493592
6,27,25,0,0.8380780959785248
6,28,29,0,0.9999095073863785
6,29,29,0,0.16813302472536715
6,30,31,1,0.0022657288446614327
6,31,31,1,0.0011931825703119523
6,32,34,0,0.9998730905095686
6,33,34,0,0.6025154933773699
6,34,20,0,0.5260124503240152
6,35,20,0,0.0008964400352402724
6,36,50,0,0.20844390234618446
6,37,50,0,0.6018851839476005
6,38,44,0,0.5110389088025965
6,39,44,0,0.2754993531306037
6,40,40,0,0.69149007821818
6,41,40,0,0.7958279126611341
6,42,52,0,0.7048194732486864
6,43,52,0,0.9606450275771532
6,44,46,1,0.8161256929067479
6,45,46,1,0.15974897906119143
6,46,4,1,0.9999307379605196
6,47,4,1,0.6639909167179273
6,48,26,0,0.04012431527306723
6,49,26,0,0.006543870792237509
6,50,15,0,0.6508391120729463
6,51,15,0,0.053882724966374425
6,52,32,1,0.33026983950003164
6,53,32,1,0.5788419331201642
6,54,23,1,0.26479905548277877
6,55,23,1,0.42589040854852944
6,56,37,1,0.7814293882372151
6,57,37,1,0.30269938099232163
6,58,9,1,0.8910681314204638
6,59,9,1,0.7562134855231485
6,60,54,1,0.5487398048404484
6,61,54,1,0.5592696784016912
6,62,21,0,0.8529712782235792
6,63,21,0,0.6075446084042971
6,64,16,0,0.2689063852982641
6,65,16,0,0.8309638410363238
6,66,3,0,0.9711760331819277
6,67,3,0,0.7529043802804121
6,68,30,0,0.562367121316041
6,69,30,0,0.9563562212435978
6,70,10,0,0.4484599816429649
6,71,10,0,0.9959983320808975
6,72,47,1,0.007322192128201862
6,73,47,1,0.08485104495972401
6,74,51,0,0.15901220711714686
6,75,51,0,0.12667885086542588
6,76,6,1,0.9078356072325883
6,77,6,1,0.8553556185766541
6,78,38,1,0.6838365941148902
6,79,38,1,0.7348548584076837
6,80,11,0,0.7250094331412131
6,81,11,0,0.1345201587108723
6,82,42,0,0.6582838794856418
6,83,42,0,0.1908213110957813
6,84,41,1,0.9995968163359195
6,85,41,1,0.31304326742857985
6,86,22,0,0.9715814016304825
6,87,22,0,0.9882974573374149
6,88,19,0,0.2665877640335622
6,89,19,0,0.8306876570876062
6,90,35,1,0.09011017701272674
6,91,35,1,0.24095224291957618
6,92,0,0,0.5250354423409367
6,93,0,0,0.23749763112458924
6,94,45,1,0.4613217196625182
6,95,45,1,0.7851861340342272
6,96,12,0,0.9600555907831206
6,97,12,0,0.5155501863596567
6,98,43,0,0.9756751387158632
6,99,43,0,0.000201434526064284
6,100,14,1,0.888366109035129
6,101,14,1,0.930498040445915
6,102,56,1,0.5899789190707458
6,103,56,1,0.6443896748866647
6,104,2,1,0.3270667259282706
6,105,2,1,0.4065608634286433
6,106,36,1,0.12983808993128576
6,107,36,1,0.5861773334255294
6,108,33,1,0.8218918376240615
6,109,33,1,0.6026631939251789
6,110,1,1,0.7096329556067034
6,111,1,1,0.9584171587735362
6,112,13,1,0.11509773551845927
6,113,13,1,0.2134361810173538
6,114,8,1,0.8274593461036873
6,115,8,1,0.0009027212247383386
7,0,28,1,0.9528236695308197
7,1,28,1,0.11804473182598513
7,2,53,1,0.3309319343843333
7,3,53,1,0.1095741065802623
7,4,18,1,0.36480780199985713
7,5,18,1,0.5179966798589045
7,6,24,1,0.9519636552501572
7,7,24,1,0.023000083226781407
7,8,7,1,0.4670550423840039
7,9,7,1,0.4813511460939085
7,10,17,1,0.4759825711816226
7,11,17,1,0.4839308698213817
7,12,27,1,0.4989939705550218
7,13,27,1,0.46612322574861564
7,14,48,1,0.4588500787609354
7,15,48,1,0.4773480831205181
7,16,57,1,0.3708124282929004
7,17,57,1,0.19752942273993696
7,18,39,1,0.6273873297377032
7,19,39,1,0.3790929919524032
7,20,49,0,0.7244533042286044
7,21,49,0,0.5022657897928905
7,22,5,0,0.8374878582059497
7,23,5,0,0.7847454507613046
7,24,55,0,0.38779956235735674
7,25,55,0,0.6006591606167971
7,26,25,0,0.48646561581636844
7,27,25,0,0.748042836970632
7,28,29,0,0.8296935475445893
7,29,29,0,0.3257256319481386
7,30,31,1,0.0828249897132699
7,31,31,1,0.08229409947415608
7,32,34,0,0.9987747514871131
7,33,34,0,0.5970037684802364
7,34,20,0,0.43640832956183234
7,35,20,0,0.3697201158679357
7,36,50,0,0.17278392193400632
7,37,50,0,0.25501171731779626
7,38,44,0,0.45076638374219913
7,39,44,0,0.21113590579421845
7,40,40,0,0.6526993036432526
7,41,40,0,0.6941295658455634
7,42,52,0,0.8104638561974489
7,43,52,0,0.9777806468634724
7,44,46,1,0.34408627443840684
7,45,46,1,0.38239725766344024
7,46,4,1,0.39034598972757417
7,47,4,1,0.4272846740543539
7,48,26,0,0.5025043535999293
7,49,26,0,0.4871204524781311
7,50,15,0,0.5157303725337166
7,51,15,0,0.5194273506410609
7,52,32,1,0.47892191280506424
7,53,32,1,0.4061820351169001
7,54,23,1,0.15212169870524442
7,55,23,1,0.19914336594991158
7,56,37,1,0.6414413534205567
7,57,37,1,0.4840185316294525
7,58,9,1,0.6553380334526054
7,59,9,1,0.8874515281716692
7,60,54,1,0.573205437136998
7,61,54,1,0.47931470345428556
7,62,21,0,0.5121030647963509
7,63,21,0,0.6457309966521648
7,64,16,0,0.5001999178938132
7,65,16,0,0.8557486476537047
7,66,3,0,0.9994775410142708
7,67,3,0,0.3712832043385301
7,68,30,0,0.6011330225469963
7,69,30,0,0.6552323490731315
7,70,10,0,0.4142181586699208
7,71,10,0,0.7945582211287939
7,72,47,1,0.15450412622438603
7,73,47,1,0.2466933609869277
7,74,51,0,0.20162046838737055
7,75,51,0,0.43452598657421976
7,76,6,1,0.5201594962120171
7,77,6,1,0.49496670620810607
7,78,38,1,0.47587781119034084
7,79,38,1,0.4795070204946169
7,80,11,0,0.7446511415066138
7,81,11,0,0.19187311189945339
7,82,42,0,0.9300551072373587
7,83,42,0,0.11407728963719704
7,84,41,1,0.9403638416320593
7,85,41,1,0.8075414752112895
7,86,22,0,0.9742480565566598
7,87,22,0,0.9704161007204715
7,88,19,0,0.5601683316481313
7,89,19,0,0.6097526330557453
7,90,35,1,0.38229832088867205
7,91,35,1,0.43553379523233193
7,92,0,0,0.9480675173399776
7,93,0,0,0.10166088503870614
7,94,45,1,0.18924581809898872
7,95,45,1,0.9753764482136077
7,96,12,0,0.5061784353037333
7,97,12,0,0.4898596849132358
7,98,43,0,0.491186562659675
7,99,43,0,0.4614759859740313
7,100,14,1,0.49955395642835915
7,101,14,1,0.4904331140392719
7,102,56,1,0.48927884725648046
7,103,56,1,0.4912674172331391
7,104,2,1,0.8169791470736434
7,105,2,1,0.8026950594548395
7,106,36,1,0.1617248655616761
7,107,36,1,0.3431945686874013
7,108,33,1,0.571734653659404
7,109,33,1,0.4143848984262529
7,110,1,1,0.5109199253115506
7,111,1,1,0.586024838950899
7,112,13,1,0.12378007295824565
7,113,13,1,0.20520731147469087
7,114,8,1,0.524382453432447
7,115,8,1,0.001407725085180791
8,0,28,1,0.6687784407681153
8,1,28,1,0.06656654531309839
8,2,53,1,0.30872530086115546
8,3,53,1,0.0037001748936759077
8,4,18,1,0.7812357533389591
8,5,18,1,0.05599194265129029
8,6,24,1,0.3408574746994391
8,7,24,1,0.0634372525034051
8,8,7,1,0.9542264134731572
8,9,7,1,0.06284494244233099
8,10,17,1,0.002211992802314161
8,11,17,1,0.6807993222706153
8,12,27,1,0.9849599936287503
8,13,27,1,0.09406425727401488
8,14,48,1,0.9105477472568555
8,15,48,1,0.9412011406370583
8,16,57,1,0.3481702386054015
8,17,57,1,0.5030305090544795
8,18,39,1,0.7450457959504116
8,19,39,1,0.4149812030314109
8,20,49,0,0.6042611427682382
8,21,49,0,0.5742499640291032
8,22,5,0,0.5710538421841096
8,23,5,0,0.6063808250330743
8,24,55,0,0.564378130399591
8,25,55,0,0.5622747183606037
8,26,25,0,0.4887902331283281
8,27,25,0,0.6776483883142917
8,28,29,0,0.9889336141806419
8,29,29,0,0.1829333600412837
8,30,31,1,0.004879422571187517
8,31,31,1,0.00014688346568179529
8,32,34,0,0.967194229625096
8,33,34,0,0.6716289961759784
8,34,20,0,0.5130191587290851
8,35,20,0,0.18204905280585973
8,36,50,0,0.8828921265875771
8,37,50,0,0.9017096955974181
8,38,44,0,0.976683844613602
8,39,44,0,0.577410551020164
8,40,40,0,0.9332722005175612
8,41,40,0,0.9925710601628311
8,42,52,0,0.9596318503698795
8,43,52,0,0.9996402815062934
8,44,46,1,0.38521769111394083
8,45,46,1,0.15908069847303327
8,46,4,1,0.9853376139143966
8,47,4,1,0.5674411923490377
8,48,26,0,0.2058501435121025
8,49,26,0,0.11122552375284923
8,50,15,0,0.2799363842310485
8,51,15,0,0.4655625796564119
8,52,32,1,0.4367566148461339
8,53,32,1,0.5822877801509203
8,54,23,1,0.2602696786315684
8,55,23,1,0.4278127861085575
8,56,37,1,0.6572860692247593
8,57,37,1,0.43116251864830485
8,58,9,1,0.8079673469508182
8,59,9,1,0.586091554301623
8,60,54,1,0.19913000833164013
8,61,54,1,0.8838826406064029
8,62,21,0,0.1390475246382108
8,63,21,0,0.4148006671606422
8,64,16,0,0.32680172239050265
8,65,16,0,0.9991200646404104
8,66,3,0,0.9998406640009072
8,67,3,0,0.9987916206112226
8,68,30,0,0.7983529908454755
8,69,30,0,0.9922638956401558
8,70,10,0,0.3613444927017553
8,71,10,0,0.9998009849665636
8,72,47,1,0.0505683127872753
8,73,47,1,0.04916743737420375
8,74,51,0,0.27290017408197526
8,75,51,0,0.43781911353168596
8,76,6,1,0.662030262220167
8,77,6,1,0.36721990073543276
8,78,38,1,0.4327764333397266
8,79,38,1,0.4578062316407739
8,80,11,0,0.9975326649126833
8,81,11,0,0.16326856615547547
8,82,42,0,0.984462158403684
8,83,42,0,0.013450797989081846
8,84,41,1,0.8844977797031742
8,85,41,1,0.8566917745574926
8,86,22,0,0.9950555819956772
8,87,22,0,0.8651855488198007
8,88,19,0,0.3688480711212593
8,89,19,0,0.999688185664515
8,90,35,1,0.044555867679242515
8,91,35,1,0.5245378919818451
8,92,0,0,0.6482023096977325
8,93,0,0,0.5864507312415134
8,94,45,1,0.7263529099495748
8,95,45,1,0.9927306624457696
8,96,12,0,0.9284018627108593
8,97,12,0,0.38007090106106456
8,98,43,0,0.8559428061073094
8,99,43,0,0.0023749131932655847
8,100,14,1,0.9577736837697779
8,101,14,1,0.934540827267689
8,102,56,1,0.9434317462304949
8,103,56,1,0.032943955296259944
8,104,2,1,0.9857015815686917
8,105,2,1,0.4217753810555179
8,106,36,1,0.031061165452105122
8,107,36,1,0.5033355186576965
8,108,33,1,0.9644419237348211
8,109,33,1,0.23133386482260412
8,110,1,1,0.979033894779422
8,111,1,1,0.7886334800314998
8,112,13,1,0.2618403345749869
8,113,13,1,0.4089854860562853
8,114,8,1,0.5538169905212283
8,115,8,1,0.15568213656036237
9,0,28,1,0.3434579032041572
9,1,28,1,0.004287063680491677
9,2,53,1,0.6458082375404709
9,3,53,1,0.003833487943110436
9,4,18,1,0.43144815739598785
9,5,18,1,0.4837953078424398
9,6,24,1,0.4957042693060576
9,7,24,1,0.5180199701725446
9,8,7,1,0.9893067857958392
9,9,7,1,0.39344400368777444
9,10,17,1,0.6174420326915433
9,11,17,1,0.717896027627195
9,12,27,1,0.9895216402014799
9,13,27,1,0.013057698054301218
9,14,48,1,0.5446054374356598
9,15,48,1,0.9955863325785662
9,16,57,1,0.17583547677451206
9,17,57,1,0.1191811520964767
9,18,39,1,0.726859412987186
9,19,39,1,0.28687068198926285
9,20,49,0,0.9384895023459479
9,21,49,0,0.6576889748151292
9,22,5,0,0.9913143813886043
9,23,5,0,0.9886664783527077
9,24,55,0,0.9898997057630222
9,25,55,0,0.9966169231855302
9,26,25,0,0.04023012452643062
9,27,25,0,0.9950590707181987
9,28,29,0,0.9526085598726962
9,29,29,0,0.3111418409677087
9,30,31,1,0.0006570992752798373
9,31,31,1,0.0021394679577534342
9,32,34,0,0.9999984425417342
9,33,34,0,0.9551456080666619
9,34,20,0,0.5812441900191901
9,35,20,0,0.006574064433815425
9,36,50,0,0.27227703899849226
9,37,50,0,0.36104444131918323
9,38,44,0,0.9604706122963248
9,39,44,0,0.04897142099673285
9,40,40,0,0.4941832395309723
9,41,40,0,0.5109541669993202
9,42,52,0,0.4984084776467894
9,43,52,0,0.5214291433313681
9,44,46,1,0.47120112077073506
9,45,46,1,0.43118432895889963
9,46,4,1,0.67061066034731
9,47,4,1,0.3812492172694424
9,48,26,0,0.1573562868130075
9,49,26,0,0.23649434443980527
9,50,15,0,0.5818398808565551
9,51,15,0,0.3177142223063389
9,52,32,1,0.8422271778887301
9,53,32,1,0.9754458431359178
9,54,23,1,0.6825282345495964
9,55,23,1,0.19159512140699658
9,56,37,1,0.521866343558744
9,57,37,1,0.4407481753353868
9,58,9,1,0.6378770855708125
9,59,9,1,0.5300501467979153
9,60,54,1,0.028601641656405004
9,61,54,1,0.8899920928981432
9,62,21,0,0.8447816742029504
9,63,21,0,0.8126781159772511
9,64,16,0,0.09695195904236617
9,65,16,0,0.9984675778123207
9,66,3,0,0.9995834686305194
9,67,3,0,0.9846547895950543
9,68,30,0,0.2547582702629751
9,69,30,0,0.8423449622145759
9,70,10,0,0.21199442314864225
9,71,10,0,0.998486794268511
9,72,47,1,0.08623382417386867
9,73,47,1,0.05952603500546827
9,74,51,0,0.559939543697006
9,75,51,0,0.05622493037605297
9,76,6,1,0.8225814389138747
9,77,6,1,0.5006415389039207
9,78,38,1,0.40583434438594135
9,79,38,1,0.5578012297731304
9,80,11,0,0.5348811187323922
9,81,11,0,0.4867464985076162
9,82,42,0,0.5866572050387615
9,83,42,0,0.4848014328128832
9,84,41,1,0.8532674438708704
9,85,41,1,0.5102528079508939
9,86,22,0,0.9644352520773688
9,87,22,0,0.7778710745757209
9,88,19,0,0.3666602331945251
9,89,19,0,0.8891096903215546
9,90,35,1,0.06395259193885666
9,91,35,1,0.2747629977387564
9,92,0,0,0.43741134896760864
9,93,0,0,0.029790270563160172
9,94,45,1,0.2599576121688525
9,95,45,1,0.759250306935795
9,96,12,0,0.6803598213883377
9,97,12,0,0.500154120363787
9,98,43,0,0.6274540354359919
9,99,43,0,0.087796561045079
9,100,14,1,0.5259569474787693
9,101,14,1,0.5176569396849905
9,102,56,1,0.5093900744607881
9,103,56,1,0.49384450456460965
9,104,2,1,0.9707869348433987
9,105,2,1,0.09571251002491815
9,106,36,1,0.0015882578444834834
9,107,36,1,0.9730168300355353
9,108,33,1,0.5595923095027101
9,109,33,1,0.0035689490445571788
9,110,1,1,0.8606553578953916
9,111,1,1,0.9484476827989888
9,112,13,1,0.4908841159337375
9,113,13,1,0.4970484664269629
9,114,8,1,0.5127678267790289
9,115,8,1,0.4059891571306152
