dropout_rate,learning_rate,pos_weight_value,transformer_dim,transformer_heads,transformer_layers,weight_decay,avg_f1,std_f1
0.2,0.0001,59.0,64,2,1,0.0001,0.7388167388167389,0.016325697689732722
0.3,0.0001,300.0,128,2,1,0.0001,0.7272727272727272,1.1102230246251565e-16
0.3,0.0001,59.0,128,2,1,0.0001,0.7272727272727272,1.1102230246251565e-16
0.3,0.001,300.0,128,2,1,0.0001,0.7272727272727272,1.1102230246251565e-16
0.3,0.001,300.0,64,2,1,0.0001,0.7272727272727272,1.1102230246251565e-16
0.3,0.001,150.0,128,2,1,0.0001,0.7272727272727272,1.1102230246251565e-16
0.3,0.001,150.0,64,2,1,0.0001,0.7272727272727272,1.1102230246251565e-16
0.3,0.001,59.0,64,2,1,0.0001,0.7272727272727272,1.1102230246251565e-16
0.3,0.0001,150.0,64,2,1,0.0001,0.7272727272727272,1.1102230246251565e-16
0.3,0.0001,150.0,128,2,1,0.0001,0.7272727272727272,1.1102230246251565e-16
0.2,0.0001,300.0,128,2,1,0.0001,0.7272727272727272,1.1102230246251565e-16
0.2,0.0001,300.0,64,2,1,0.0001,0.7272727272727272,1.1102230246251565e-16
0.2,0.0001,150.0,128,2,1,0.0001,0.7272727272727272,1.1102230246251565e-16
0.2,0.0001,150.0,64,2,1,0.0001,0.7272727272727272,1.1102230246251565e-16
0.2,0.0001,59.0,128,2,1,0.0001,0.7272727272727272,1.1102230246251565e-16
0.3,0.0001,300.0,64,2,1,0.0001,0.7272727272727272,1.1102230246251565e-16
0.2,0.001,300.0,128,2,1,0.0001,0.7272727272727272,1.1102230246251565e-16
0.2,0.001,300.0,64,2,1,0.0001,0.7272727272727272,1.1102230246251565e-16
0.2,0.001,150.0,128,2,1,0.0001,0.7272727272727272,1.1102230246251565e-16
0.2,0.001,150.0,64,2,1,0.0001,0.7272727272727272,1.1102230246251565e-16
0.2,0.001,59.0,64,2,1,0.0001,0.7272727272727272,1.1102230246251565e-16
0.3,0.0001,59.0,64,2,1,0.0001,0.7272727272727272,1.1102230246251565e-16
0.3,0.001,59.0,128,2,1,0.0001,0.7070707070707071,0.0285699709570322
0.3,0.0001,1.0,64,2,1,0.0001,0.6950127256124808,0.08238876773677377
0.2,0.001,59.0,128,2,1,0.0001,0.672882672882673,0.07691915257662518
0.2,0.0001,1.0,64,2,1,0.0001,0.6482346039918361,0.059794219061466626
0.3,0.0001,1.0,128,2,1,0.0001,0.6086834733893558,0.13936468025895474
0.3,0.001,1.0,64,2,1,0.0001,0.5798941798941799,0.05694164063422861
0.2,0.0001,1.0,128,2,1,0.0001,0.5772084443533511,0.11886557160089223
0.3,0.001,1.0,128,2,1,0.0001,0.5000000000000001,0.16943282737768758
0.2,0.001,1.0,128,2,1,0.0001,0.49473684210526314,0.144613628220573
0.2,0.001,1.0,64,2,1,0.0001,0.46198687375157954,0.22908581324593918
