contrast,feature,n_disease,n_normal,AUC,lo,hi,direction,ci_excludes_05,ring
early (2 vs 1),mean_region1,15,26,0.5948717948717949,,,higher in disease,False,centre
early (2 vs 1),mean_region2,15,26,0.6051282051282051,,,higher in disease,False,centre
early (2 vs 1),mean_region3,15,26,0.6,,,higher in disease,False,centre
early (2 vs 1),mean_region4,15,26,0.5641025641025641,,,higher in disease,False,centre
early (2 vs 1),mean_region5,15,26,0.5153846153846153,,,higher in disease,False,middle
early (2 vs 1),mean_region6,15,26,0.5538461538461539,,,higher in disease,False,middle
early (2 vs 1),mean_region7,15,26,0.6333333333333333,,,higher in disease,False,middle
early (2 vs 1),mean_region8,15,26,0.5230769230769231,,,higher in disease,False,middle
early (2 vs 1),mean_region9,15,26,0.5307692307692308,,,higher in disease,False,middle
early (2 vs 1),mean_region10,15,26,0.4666666666666667,,,lower in disease,False,middle
early (2 vs 1),mean_region11,15,26,0.46153846153846156,,,lower in disease,False,middle
early (2 vs 1),mean_region12,15,26,0.4717948717948718,,,lower in disease,False,middle
early (2 vs 1),mean_region13,15,26,0.4846153846153846,,,lower in disease,False,outer
early (2 vs 1),mean_region14,15,26,0.5256410256410257,,,higher in disease,False,outer
early (2 vs 1),mean_region15,15,26,0.5333333333333333,,,higher in disease,False,outer
early (2 vs 1),mean_region16,15,26,0.5025641025641026,,,higher in disease,False,outer
early (2 vs 1),mean_region17,15,26,0.4564102564102564,,,lower in disease,False,outer
early (2 vs 1),mean_region18,15,26,0.48205128205128206,,,lower in disease,False,outer
early (2 vs 1),mean_region19,15,26,0.5076923076923077,,,higher in disease,False,outer
early (2 vs 1),mean_region20,15,26,0.46153846153846156,,,lower in disease,False,outer
early (2 vs 1),median_region1,15,26,0.5564102564102564,,,higher in disease,False,centre
early (2 vs 1),median_region2,15,26,0.5641025641025641,,,higher in disease,False,centre
early (2 vs 1),median_region3,15,26,0.5641025641025641,,,higher in disease,False,centre
early (2 vs 1),median_region4,15,26,0.541025641025641,,,higher in disease,False,centre
early (2 vs 1),median_region5,15,26,0.5205128205128206,,,higher in disease,False,middle
early (2 vs 1),median_region6,15,26,0.5461538461538461,,,higher in disease,False,middle
early (2 vs 1),median_region7,15,26,0.6256410256410256,,,higher in disease,False,middle
early (2 vs 1),median_region8,15,26,0.5282051282051282,,,higher in disease,False,middle
early (2 vs 1),median_region9,15,26,0.5307692307692308,,,higher in disease,False,middle
early (2 vs 1),median_region10,15,26,0.4666666666666667,,,lower in disease,False,middle
early (2 vs 1),median_region11,15,26,0.4666666666666667,,,lower in disease,False,middle
early (2 vs 1),median_region12,15,26,0.49230769230769234,,,lower in disease,False,middle
early (2 vs 1),median_region13,15,26,0.4717948717948718,,,lower in disease,False,outer
early (2 vs 1),median_region14,15,26,0.5,,,lower in disease,False,outer
early (2 vs 1),median_region15,15,26,0.5307692307692308,,,higher in disease,False,outer
early (2 vs 1),median_region16,15,26,0.5,,,lower in disease,False,outer
early (2 vs 1),median_region17,15,26,0.46923076923076923,,,lower in disease,False,outer
early (2 vs 1),median_region18,15,26,0.4794871794871795,,,lower in disease,False,outer
early (2 vs 1),median_region19,15,26,0.5076923076923077,,,higher in disease,False,outer
early (2 vs 1),median_region20,15,26,0.43846153846153846,,,lower in disease,False,outer
early (2 vs 1),std_region1,15,26,0.7230769230769231,,,higher in disease,False,centre
early (2 vs 1),std_region2,15,26,0.6615384615384615,,,higher in disease,False,centre
early (2 vs 1),std_region3,15,26,0.676923076923077,,,higher in disease,False,centre
early (2 vs 1),std_region4,15,26,0.6897435897435897,,,higher in disease,False,centre
early (2 vs 1),std_region5,15,26,0.5846153846153846,,,higher in disease,False,middle
early (2 vs 1),std_region6,15,26,0.4461538461538462,,,lower in disease,False,middle
early (2 vs 1),std_region7,15,26,0.4948717948717949,,,lower in disease,False,middle
early (2 vs 1),std_region8,15,26,0.5487179487179488,,,higher in disease,False,middle
early (2 vs 1),std_region9,15,26,0.5641025641025641,,,higher in disease,False,middle
early (2 vs 1),std_region10,15,26,0.5666666666666667,,,higher in disease,False,middle
early (2 vs 1),std_region11,15,26,0.5358974358974359,,,higher in disease,False,middle
early (2 vs 1),std_region12,15,26,0.6307692307692307,,,higher in disease,False,middle
early (2 vs 1),std_region13,15,26,0.47692307692307695,,,lower in disease,False,outer
early (2 vs 1),std_region14,15,26,0.37435897435897436,,,lower in disease,False,outer
early (2 vs 1),std_region15,15,26,0.4641025641025641,,,lower in disease,False,outer
early (2 vs 1),std_region16,15,26,0.558974358974359,,,higher in disease,False,outer
early (2 vs 1),std_region17,15,26,0.558974358974359,,,higher in disease,False,outer
early (2 vs 1),std_region18,15,26,0.44871794871794873,,,lower in disease,False,outer
early (2 vs 1),std_region19,15,26,0.5102564102564102,,,higher in disease,False,outer
early (2 vs 1),std_region20,15,26,0.5794871794871795,,,higher in disease,False,outer
early (2 vs 1),iqr_region1,15,26,0.6512820512820513,,,higher in disease,False,centre
early (2 vs 1),iqr_region2,15,26,0.558974358974359,,,higher in disease,False,centre
early (2 vs 1),iqr_region3,15,26,0.5923076923076923,,,higher in disease,False,centre
early (2 vs 1),iqr_region4,15,26,0.6666666666666666,,,higher in disease,False,centre
early (2 vs 1),iqr_region5,15,26,0.5692307692307692,,,higher in disease,False,middle
early (2 vs 1),iqr_region6,15,26,0.5153846153846153,,,higher in disease,False,middle
early (2 vs 1),iqr_region7,15,26,0.5538461538461539,,,higher in disease,False,middle
early (2 vs 1),iqr_region8,15,26,0.5692307692307692,,,higher in disease,False,middle
early (2 vs 1),iqr_region9,15,26,0.5641025641025641,,,higher in disease,False,middle
early (2 vs 1),iqr_region10,15,26,0.6153846153846154,,,higher in disease,False,middle
early (2 vs 1),iqr_region11,15,26,0.541025641025641,,,higher in disease,False,middle
early (2 vs 1),iqr_region12,15,26,0.6410256410256411,,,higher in disease,False,middle
early (2 vs 1),iqr_region13,15,26,0.4666666666666667,,,lower in disease,False,outer
early (2 vs 1),iqr_region14,15,26,0.4717948717948718,,,lower in disease,False,outer
early (2 vs 1),iqr_region15,15,26,0.49230769230769234,,,lower in disease,False,outer
early (2 vs 1),iqr_region16,15,26,0.5846153846153846,,,higher in disease,False,outer
early (2 vs 1),iqr_region17,15,26,0.5794871794871795,,,higher in disease,False,outer
early (2 vs 1),iqr_region18,15,26,0.4307692307692308,,,lower in disease,False,outer
early (2 vs 1),iqr_region19,15,26,0.5205128205128206,,,higher in disease,False,outer
early (2 vs 1),iqr_region20,15,26,0.5769230769230769,,,higher in disease,False,outer
early (2 vs 1),idr_region1,15,26,0.7256410256410256,,,higher in disease,False,centre
early (2 vs 1),idr_region2,15,26,0.6820512820512821,,,higher in disease,False,centre
early (2 vs 1),idr_region3,15,26,0.6871794871794872,,,higher in disease,False,centre
early (2 vs 1),idr_region4,15,26,0.6794871794871795,,,higher in disease,False,centre
early (2 vs 1),idr_region5,15,26,0.5692307692307692,,,higher in disease,False,middle
early (2 vs 1),idr_region6,15,26,0.48717948717948717,,,lower in disease,False,middle
early (2 vs 1),idr_region7,15,26,0.5153846153846153,,,higher in disease,False,middle
early (2 vs 1),idr_region8,15,26,0.5487179487179488,,,higher in disease,False,middle
early (2 vs 1),idr_region9,15,26,0.5794871794871795,,,higher in disease,False,middle
early (2 vs 1),idr_region10,15,26,0.5897435897435898,,,higher in disease,False,middle
early (2 vs 1),idr_region11,15,26,0.5615384615384615,,,higher in disease,False,middle
early (2 vs 1),idr_region12,15,26,0.617948717948718,,,higher in disease,False,middle
early (2 vs 1),idr_region13,15,26,0.49743589743589745,,,lower in disease,False,outer
early (2 vs 1),idr_region14,15,26,0.4358974358974359,,,lower in disease,False,outer
early (2 vs 1),idr_region15,15,26,0.5076923076923077,,,higher in disease,False,outer
early (2 vs 1),idr_region16,15,26,0.5743589743589743,,,higher in disease,False,outer
early (2 vs 1),idr_region17,15,26,0.5794871794871795,,,higher in disease,False,outer
early (2 vs 1),idr_region18,15,26,0.49743589743589745,,,lower in disease,False,outer
early (2 vs 1),idr_region19,15,26,0.5230769230769231,,,higher in disease,False,outer
early (2 vs 1),idr_region20,15,26,0.5717948717948718,,,higher in disease,False,outer
early (2 vs 1),skew_region1,15,26,0.6282051282051282,,,higher in disease,False,centre
early (2 vs 1),skew_region2,15,26,0.6743589743589744,,,higher in disease,False,centre
early (2 vs 1),skew_region3,15,26,0.6051282051282051,,,higher in disease,False,centre
early (2 vs 1),skew_region4,15,26,0.5717948717948718,,,higher in disease,False,centre
early (2 vs 1),skew_region5,15,26,0.5897435897435898,,,higher in disease,False,middle
early (2 vs 1),skew_region6,15,26,0.7205128205128205,,,higher in disease,False,middle
early (2 vs 1),skew_region7,15,26,0.6205128205128205,,,higher in disease,False,middle
early (2 vs 1),skew_region8,15,26,0.5256410256410257,,,higher in disease,False,middle
early (2 vs 1),skew_region9,15,26,0.6923076923076923,,,higher in disease,False,middle
early (2 vs 1),skew_region10,15,26,0.7205128205128205,,,higher in disease,False,middle
early (2 vs 1),skew_region11,15,26,0.6948717948717948,,,higher in disease,False,middle
early (2 vs 1),skew_region12,15,26,0.5128205128205128,,,higher in disease,False,middle
early (2 vs 1),skew_region13,15,26,0.6538461538461539,,,higher in disease,False,outer
early (2 vs 1),skew_region14,15,26,0.6948717948717948,,,higher in disease,False,outer
early (2 vs 1),skew_region15,15,26,0.6615384615384615,,,higher in disease,False,outer
early (2 vs 1),skew_region16,15,26,0.5923076923076923,,,higher in disease,False,outer
early (2 vs 1),skew_region17,15,26,0.5717948717948718,,,higher in disease,False,outer
early (2 vs 1),skew_region18,15,26,0.6846153846153846,,,higher in disease,False,outer
early (2 vs 1),skew_region19,15,26,0.6666666666666666,,,higher in disease,False,outer
early (2 vs 1),skew_region20,15,26,0.5871794871794872,,,higher in disease,False,outer
early (2 vs 1),kurt_region1,15,26,0.6461538461538462,,,higher in disease,False,centre
early (2 vs 1),kurt_region2,15,26,0.7128205128205128,,,higher in disease,False,centre
early (2 vs 1),kurt_region3,15,26,0.7051282051282052,,,higher in disease,False,centre
early (2 vs 1),kurt_region4,15,26,0.5794871794871795,,,higher in disease,False,centre
early (2 vs 1),kurt_region5,15,26,0.43846153846153846,,,lower in disease,False,middle
early (2 vs 1),kurt_region6,15,26,0.3230769230769231,,,lower in disease,False,middle
early (2 vs 1),kurt_region7,15,26,0.2717948717948718,,,lower in disease,False,middle
early (2 vs 1),kurt_region8,15,26,0.4897435897435897,,,lower in disease,False,middle
early (2 vs 1),kurt_region9,15,26,0.5564102564102564,,,higher in disease,False,middle
early (2 vs 1),kurt_region10,15,26,0.4153846153846154,,,lower in disease,False,middle
early (2 vs 1),kurt_region11,15,26,0.47692307692307695,,,lower in disease,False,middle
early (2 vs 1),kurt_region12,15,26,0.5615384615384615,,,higher in disease,False,middle
early (2 vs 1),kurt_region13,15,26,0.3487179487179487,,,lower in disease,False,outer
early (2 vs 1),kurt_region14,15,26,0.32051282051282054,,,lower in disease,False,outer
early (2 vs 1),kurt_region15,15,26,0.36666666666666664,,,lower in disease,False,outer
early (2 vs 1),kurt_region16,15,26,0.4282051282051282,,,lower in disease,False,outer
early (2 vs 1),kurt_region17,15,26,0.38461538461538464,,,lower in disease,False,outer
early (2 vs 1),kurt_region18,15,26,0.5051282051282051,,,higher in disease,False,outer
early (2 vs 1),kurt_region19,15,26,0.38461538461538464,,,lower in disease,False,outer
early (2 vs 1),kurt_region20,15,26,0.5692307692307692,,,higher in disease,False,outer
early (2 vs 1),Del_region1,15,26,0.31794871794871793,,,lower in disease,False,centre
early (2 vs 1),Del_region2,15,26,0.33076923076923076,,,lower in disease,False,centre
early (2 vs 1),Del_region3,15,26,0.3128205128205128,,,lower in disease,False,centre
early (2 vs 1),Del_region4,15,26,0.41025641025641024,,,lower in disease,False,centre
early (2 vs 1),Del_region5,15,26,0.35384615384615387,,,lower in disease,False,middle
early (2 vs 1),Del_region6,15,26,0.4205128205128205,,,lower in disease,False,middle
early (2 vs 1),Del_region7,15,26,0.35384615384615387,,,lower in disease,False,middle
early (2 vs 1),Del_region8,15,26,0.33589743589743587,,,lower in disease,False,middle
early (2 vs 1),Del_region9,15,26,0.3,,,lower in disease,False,middle
early (2 vs 1),Del_region10,15,26,0.3230769230769231,,,lower in disease,False,middle
early (2 vs 1),Del_region11,15,26,0.32051282051282054,,,lower in disease,False,middle
early (2 vs 1),Del_region12,15,26,0.3282051282051282,,,lower in disease,False,middle
early (2 vs 1),Del_region13,15,26,0.358974358974359,,,lower in disease,False,outer
early (2 vs 1),Del_region14,15,26,0.45384615384615384,,,lower in disease,False,outer
early (2 vs 1),Del_region15,15,26,0.34102564102564104,,,lower in disease,False,outer
early (2 vs 1),Del_region16,15,26,0.38974358974358975,,,lower in disease,False,outer
early (2 vs 1),Del_region17,15,26,0.3,,,lower in disease,False,outer
early (2 vs 1),Del_region18,15,26,0.3333333333333333,,,lower in disease,False,outer
early (2 vs 1),Del_region19,15,26,0.35384615384615387,,,lower in disease,False,outer
early (2 vs 1),Del_region20,15,26,0.32564102564102565,,,lower in disease,False,outer
early (2 vs 1),Amp_region1,15,26,0.5564102564102564,,,higher in disease,False,centre
early (2 vs 1),Amp_region2,15,26,0.5256410256410257,,,higher in disease,False,centre
early (2 vs 1),Amp_region3,15,26,0.5435897435897435,,,higher in disease,False,centre
early (2 vs 1),Amp_region4,15,26,0.6076923076923076,,,higher in disease,False,centre
early (2 vs 1),Amp_region5,15,26,0.5897435897435898,,,higher in disease,False,middle
early (2 vs 1),Amp_region6,15,26,0.617948717948718,,,higher in disease,False,middle
early (2 vs 1),Amp_region7,15,26,0.5743589743589743,,,higher in disease,False,middle
early (2 vs 1),Amp_region8,15,26,0.6076923076923076,,,higher in disease,False,middle
early (2 vs 1),Amp_region9,15,26,0.5846153846153846,,,higher in disease,False,middle
early (2 vs 1),Amp_region10,15,26,0.4564102564102564,,,lower in disease,False,middle
early (2 vs 1),Amp_region11,15,26,0.5538461538461539,,,higher in disease,False,middle
early (2 vs 1),Amp_region12,15,26,0.5871794871794872,,,higher in disease,False,middle
early (2 vs 1),Amp_region13,15,26,0.47692307692307695,,,lower in disease,False,outer
early (2 vs 1),Amp_region14,15,26,0.5615384615384615,,,higher in disease,False,outer
early (2 vs 1),Amp_region15,15,26,0.5205128205128206,,,higher in disease,False,outer
early (2 vs 1),Amp_region16,15,26,0.48717948717948717,,,lower in disease,False,outer
early (2 vs 1),Amp_region17,15,26,0.48205128205128206,,,lower in disease,False,outer
early (2 vs 1),Amp_region18,15,26,0.5512820512820513,,,higher in disease,False,outer
early (2 vs 1),Amp_region19,15,26,0.5307692307692308,,,higher in disease,False,outer
early (2 vs 1),Amp_region20,15,26,0.48717948717948717,,,lower in disease,False,outer
intermediate (3 vs 1),mean_region1,10,26,0.24615384615384617,,,lower in disease,False,centre
intermediate (3 vs 1),mean_region2,10,26,0.29615384615384616,,,lower in disease,False,centre
intermediate (3 vs 1),mean_region3,10,26,0.3038461538461538,,,lower in disease,False,centre
intermediate (3 vs 1),mean_region4,10,26,0.2923076923076923,,,lower in disease,False,centre
intermediate (3 vs 1),mean_region5,10,26,0.2,,,lower in disease,False,middle
intermediate (3 vs 1),mean_region6,10,26,0.17692307692307693,,,lower in disease,False,middle
intermediate (3 vs 1),mean_region7,10,26,0.18846153846153846,,,lower in disease,False,middle
intermediate (3 vs 1),mean_region8,10,26,0.16923076923076924,,,lower in disease,False,middle
intermediate (3 vs 1),mean_region9,10,26,0.19615384615384615,,,lower in disease,False,middle
intermediate (3 vs 1),mean_region10,10,26,0.16923076923076924,,,lower in disease,False,middle
intermediate (3 vs 1),mean_region11,10,26,0.2,,,lower in disease,False,middle
intermediate (3 vs 1),mean_region12,10,26,0.2423076923076923,,,lower in disease,False,middle
intermediate (3 vs 1),mean_region13,10,26,0.29615384615384616,,,lower in disease,False,outer
intermediate (3 vs 1),mean_region14,10,26,0.2230769230769231,,,lower in disease,False,outer
intermediate (3 vs 1),mean_region15,10,26,0.19615384615384615,,,lower in disease,False,outer
intermediate (3 vs 1),mean_region16,10,26,0.18076923076923077,,,lower in disease,False,outer
intermediate (3 vs 1),mean_region17,10,26,0.27307692307692305,,,lower in disease,False,outer
intermediate (3 vs 1),mean_region18,10,26,0.38461538461538464,,,lower in disease,False,outer
intermediate (3 vs 1),mean_region19,10,26,0.4846153846153846,,,lower in disease,False,outer
intermediate (3 vs 1),mean_region20,10,26,0.38461538461538464,,,lower in disease,False,outer
intermediate (3 vs 1),median_region1,10,26,0.25,,,lower in disease,False,centre
intermediate (3 vs 1),median_region2,10,26,0.2923076923076923,,,lower in disease,False,centre
intermediate (3 vs 1),median_region3,10,26,0.3153846153846154,,,lower in disease,False,centre
intermediate (3 vs 1),median_region4,10,26,0.2923076923076923,,,lower in disease,False,centre
intermediate (3 vs 1),median_region5,10,26,0.2,,,lower in disease,False,middle
intermediate (3 vs 1),median_region6,10,26,0.16923076923076924,,,lower in disease,False,middle
intermediate (3 vs 1),median_region7,10,26,0.16153846153846155,,,lower in disease,False,middle
intermediate (3 vs 1),median_region8,10,26,0.16538461538461538,,,lower in disease,False,middle
intermediate (3 vs 1),median_region9,10,26,0.18846153846153846,,,lower in disease,False,middle
intermediate (3 vs 1),median_region10,10,26,0.12692307692307692,,,lower in disease,False,middle
intermediate (3 vs 1),median_region11,10,26,0.18846153846153846,,,lower in disease,False,middle
intermediate (3 vs 1),median_region12,10,26,0.25384615384615383,,,lower in disease,False,middle
intermediate (3 vs 1),median_region13,10,26,0.3038461538461538,,,lower in disease,False,outer
intermediate (3 vs 1),median_region14,10,26,0.22692307692307692,,,lower in disease,False,outer
intermediate (3 vs 1),median_region15,10,26,0.17307692307692307,,,lower in disease,False,outer
intermediate (3 vs 1),median_region16,10,26,0.17307692307692307,,,lower in disease,False,outer
intermediate (3 vs 1),median_region17,10,26,0.26153846153846155,,,lower in disease,False,outer
intermediate (3 vs 1),median_region18,10,26,0.46153846153846156,,,lower in disease,False,outer
intermediate (3 vs 1),median_region19,10,26,0.5423076923076923,,,higher in disease,False,outer
intermediate (3 vs 1),median_region20,10,26,0.3730769230769231,,,lower in disease,False,outer
intermediate (3 vs 1),std_region1,10,26,0.5576923076923077,,,higher in disease,False,centre
intermediate (3 vs 1),std_region2,10,26,0.55,,,higher in disease,False,centre
intermediate (3 vs 1),std_region3,10,26,0.5346153846153846,,,higher in disease,False,centre
intermediate (3 vs 1),std_region4,10,26,0.4576923076923077,,,lower in disease,False,centre
intermediate (3 vs 1),std_region5,10,26,0.6615384615384615,,,higher in disease,False,middle
intermediate (3 vs 1),std_region6,10,26,0.5423076923076923,,,higher in disease,False,middle
intermediate (3 vs 1),std_region7,10,26,0.6269230769230769,,,higher in disease,False,middle
intermediate (3 vs 1),std_region8,10,26,0.7230769230769231,,,higher in disease,False,middle
intermediate (3 vs 1),std_region9,10,26,0.6653846153846154,,,higher in disease,False,middle
intermediate (3 vs 1),std_region10,10,26,0.5384615384615384,,,higher in disease,False,middle
intermediate (3 vs 1),std_region11,10,26,0.5692307692307692,,,higher in disease,False,middle
intermediate (3 vs 1),std_region12,10,26,0.46923076923076923,,,lower in disease,False,middle
intermediate (3 vs 1),std_region13,10,26,0.45384615384615384,,,lower in disease,False,outer
intermediate (3 vs 1),std_region14,10,26,0.4115384615384615,,,lower in disease,False,outer
intermediate (3 vs 1),std_region15,10,26,0.49615384615384617,,,lower in disease,False,outer
intermediate (3 vs 1),std_region16,10,26,0.5038461538461538,,,higher in disease,False,outer
intermediate (3 vs 1),std_region17,10,26,0.4269230769230769,,,lower in disease,False,outer
intermediate (3 vs 1),std_region18,10,26,0.3192307692307692,,,lower in disease,False,outer
intermediate (3 vs 1),std_region19,10,26,0.2653846153846154,,,lower in disease,False,outer
intermediate (3 vs 1),std_region20,10,26,0.28846153846153844,,,lower in disease,False,outer
intermediate (3 vs 1),iqr_region1,10,26,0.5576923076923077,,,higher in disease,False,centre
intermediate (3 vs 1),iqr_region2,10,26,0.55,,,higher in disease,False,centre
intermediate (3 vs 1),iqr_region3,10,26,0.5230769230769231,,,higher in disease,False,centre
intermediate (3 vs 1),iqr_region4,10,26,0.4307692307692308,,,lower in disease,False,centre
intermediate (3 vs 1),iqr_region5,10,26,0.6115384615384616,,,higher in disease,False,middle
intermediate (3 vs 1),iqr_region6,10,26,0.5923076923076923,,,higher in disease,False,middle
intermediate (3 vs 1),iqr_region7,10,26,0.6230769230769231,,,higher in disease,False,middle
intermediate (3 vs 1),iqr_region8,10,26,0.7038461538461539,,,higher in disease,False,middle
intermediate (3 vs 1),iqr_region9,10,26,0.6730769230769231,,,higher in disease,False,middle
intermediate (3 vs 1),iqr_region10,10,26,0.5115384615384615,,,higher in disease,False,middle
intermediate (3 vs 1),iqr_region11,10,26,0.5884615384615385,,,higher in disease,False,middle
intermediate (3 vs 1),iqr_region12,10,26,0.47692307692307695,,,lower in disease,False,middle
intermediate (3 vs 1),iqr_region13,10,26,0.4307692307692308,,,lower in disease,False,outer
intermediate (3 vs 1),iqr_region14,10,26,0.38461538461538464,,,lower in disease,False,outer
intermediate (3 vs 1),iqr_region15,10,26,0.4576923076923077,,,lower in disease,False,outer
intermediate (3 vs 1),iqr_region16,10,26,0.47692307692307695,,,lower in disease,False,outer
intermediate (3 vs 1),iqr_region17,10,26,0.38461538461538464,,,lower in disease,False,outer
intermediate (3 vs 1),iqr_region18,10,26,0.2653846153846154,,,lower in disease,False,outer
intermediate (3 vs 1),iqr_region19,10,26,0.23846153846153847,,,lower in disease,False,outer
intermediate (3 vs 1),iqr_region20,10,26,0.2653846153846154,,,lower in disease,False,outer
intermediate (3 vs 1),idr_region1,10,26,0.5423076923076923,,,higher in disease,False,centre
intermediate (3 vs 1),idr_region2,10,26,0.5307692307692308,,,higher in disease,False,centre
intermediate (3 vs 1),idr_region3,10,26,0.5307692307692308,,,higher in disease,False,centre
intermediate (3 vs 1),idr_region4,10,26,0.4576923076923077,,,lower in disease,False,centre
intermediate (3 vs 1),idr_region5,10,26,0.6346153846153846,,,higher in disease,False,middle
intermediate (3 vs 1),idr_region6,10,26,0.5807692307692308,,,higher in disease,False,middle
intermediate (3 vs 1),idr_region7,10,26,0.6346153846153846,,,higher in disease,False,middle
intermediate (3 vs 1),idr_region8,10,26,0.7115384615384616,,,higher in disease,False,middle
intermediate (3 vs 1),idr_region9,10,26,0.6653846153846154,,,higher in disease,False,middle
intermediate (3 vs 1),idr_region10,10,26,0.5461538461538461,,,higher in disease,False,middle
intermediate (3 vs 1),idr_region11,10,26,0.5769230769230769,,,higher in disease,False,middle
intermediate (3 vs 1),idr_region12,10,26,0.46153846153846156,,,lower in disease,False,middle
intermediate (3 vs 1),idr_region13,10,26,0.43846153846153846,,,lower in disease,False,outer
intermediate (3 vs 1),idr_region14,10,26,0.41923076923076924,,,lower in disease,False,outer
intermediate (3 vs 1),idr_region15,10,26,0.48846153846153845,,,lower in disease,False,outer
intermediate (3 vs 1),idr_region16,10,26,0.5115384615384615,,,higher in disease,False,outer
intermediate (3 vs 1),idr_region17,10,26,0.4230769230769231,,,lower in disease,False,outer
intermediate (3 vs 1),idr_region18,10,26,0.3076923076923077,,,lower in disease,False,outer
intermediate (3 vs 1),idr_region19,10,26,0.2846153846153846,,,lower in disease,False,outer
intermediate (3 vs 1),idr_region20,10,26,0.29615384615384616,,,lower in disease,False,outer
intermediate (3 vs 1),skew_region1,10,26,0.4230769230769231,,,lower in disease,False,centre
intermediate (3 vs 1),skew_region2,10,26,0.40384615384615385,,,lower in disease,False,centre
intermediate (3 vs 1),skew_region3,10,26,0.31153846153846154,,,lower in disease,False,centre
intermediate (3 vs 1),skew_region4,10,26,0.3384615384615385,,,lower in disease,False,centre
intermediate (3 vs 1),skew_region5,10,26,0.4807692307692308,,,lower in disease,False,middle
intermediate (3 vs 1),skew_region6,10,26,0.676923076923077,,,higher in disease,False,middle
intermediate (3 vs 1),skew_region7,10,26,0.6384615384615384,,,higher in disease,False,middle
intermediate (3 vs 1),skew_region8,10,26,0.5538461538461539,,,higher in disease,False,middle
intermediate (3 vs 1),skew_region9,10,26,0.5384615384615384,,,higher in disease,False,middle
intermediate (3 vs 1),skew_region10,10,26,0.6730769230769231,,,higher in disease,False,middle
intermediate (3 vs 1),skew_region11,10,26,0.5961538461538461,,,higher in disease,False,middle
intermediate (3 vs 1),skew_region12,10,26,0.5384615384615384,,,higher in disease,False,middle
intermediate (3 vs 1),skew_region13,10,26,0.5653846153846154,,,higher in disease,False,outer
intermediate (3 vs 1),skew_region14,10,26,0.6884615384615385,,,higher in disease,False,outer
intermediate (3 vs 1),skew_region15,10,26,0.6692307692307692,,,higher in disease,False,outer
intermediate (3 vs 1),skew_region16,10,26,0.6269230769230769,,,higher in disease,False,outer
intermediate (3 vs 1),skew_region17,10,26,0.6192307692307693,,,higher in disease,False,outer
intermediate (3 vs 1),skew_region18,10,26,0.4346153846153846,,,lower in disease,False,outer
intermediate (3 vs 1),skew_region19,10,26,0.4807692307692308,,,lower in disease,False,outer
intermediate (3 vs 1),skew_region20,10,26,0.5884615384615385,,,higher in disease,False,outer
intermediate (3 vs 1),kurt_region1,10,26,0.46923076923076923,,,lower in disease,False,centre
intermediate (3 vs 1),kurt_region2,10,26,0.5807692307692308,,,higher in disease,False,centre
intermediate (3 vs 1),kurt_region3,10,26,0.3923076923076923,,,lower in disease,False,centre
intermediate (3 vs 1),kurt_region4,10,26,0.5615384615384615,,,higher in disease,False,centre
intermediate (3 vs 1),kurt_region5,10,26,0.5538461538461539,,,higher in disease,False,middle
intermediate (3 vs 1),kurt_region6,10,26,0.47692307692307695,,,lower in disease,False,middle
intermediate (3 vs 1),kurt_region7,10,26,0.4076923076923077,,,lower in disease,False,middle
intermediate (3 vs 1),kurt_region8,10,26,0.6038461538461538,,,higher in disease,False,middle
intermediate (3 vs 1),kurt_region9,10,26,0.5076923076923077,,,higher in disease,False,middle
intermediate (3 vs 1),kurt_region10,10,26,0.7,,,higher in disease,False,middle
intermediate (3 vs 1),kurt_region11,10,26,0.5615384615384615,,,higher in disease,False,middle
intermediate (3 vs 1),kurt_region12,10,26,0.6807692307692308,,,higher in disease,False,middle
intermediate (3 vs 1),kurt_region13,10,26,0.5576923076923077,,,higher in disease,False,outer
intermediate (3 vs 1),kurt_region14,10,26,0.4269230769230769,,,lower in disease,False,outer
intermediate (3 vs 1),kurt_region15,10,26,0.5423076923076923,,,higher in disease,False,outer
intermediate (3 vs 1),kurt_region16,10,26,0.7884615384615384,,,higher in disease,False,outer
intermediate (3 vs 1),kurt_region17,10,26,0.8769230769230769,,,higher in disease,False,outer
intermediate (3 vs 1),kurt_region18,10,26,0.823076923076923,,,higher in disease,False,outer
intermediate (3 vs 1),kurt_region19,10,26,0.7769230769230769,,,higher in disease,False,outer
intermediate (3 vs 1),kurt_region20,10,26,0.8653846153846154,,,higher in disease,False,outer
intermediate (3 vs 1),Del_region1,10,26,0.5884615384615385,,,higher in disease,False,centre
intermediate (3 vs 1),Del_region2,10,26,0.5153846153846153,,,higher in disease,False,centre
intermediate (3 vs 1),Del_region3,10,26,0.5846153846153846,,,higher in disease,False,centre
intermediate (3 vs 1),Del_region4,10,26,0.6307692307692307,,,higher in disease,False,centre
intermediate (3 vs 1),Del_region5,10,26,0.5153846153846153,,,higher in disease,False,middle
intermediate (3 vs 1),Del_region6,10,26,0.6461538461538462,,,higher in disease,False,middle
intermediate (3 vs 1),Del_region7,10,26,0.5576923076923077,,,higher in disease,False,middle
intermediate (3 vs 1),Del_region8,10,26,0.6846153846153846,,,higher in disease,False,middle
intermediate (3 vs 1),Del_region9,10,26,0.6269230769230769,,,higher in disease,False,middle
intermediate (3 vs 1),Del_region10,10,26,0.5461538461538461,,,higher in disease,False,middle
intermediate (3 vs 1),Del_region11,10,26,0.6038461538461538,,,higher in disease,False,middle
intermediate (3 vs 1),Del_region12,10,26,0.5115384615384615,,,higher in disease,False,middle
intermediate (3 vs 1),Del_region13,10,26,0.5653846153846154,,,higher in disease,False,outer
intermediate (3 vs 1),Del_region14,10,26,0.5653846153846154,,,higher in disease,False,outer
intermediate (3 vs 1),Del_region15,10,26,0.5961538461538461,,,higher in disease,False,outer
intermediate (3 vs 1),Del_region16,10,26,0.5961538461538461,,,higher in disease,False,outer
intermediate (3 vs 1),Del_region17,10,26,0.5,,,lower in disease,False,outer
intermediate (3 vs 1),Del_region18,10,26,0.5307692307692308,,,higher in disease,False,outer
intermediate (3 vs 1),Del_region19,10,26,0.5538461538461539,,,higher in disease,False,outer
intermediate (3 vs 1),Del_region20,10,26,0.6192307692307693,,,higher in disease,False,outer
intermediate (3 vs 1),Amp_region1,10,26,0.46923076923076923,,,lower in disease,False,centre
intermediate (3 vs 1),Amp_region2,10,26,0.38076923076923075,,,lower in disease,False,centre
intermediate (3 vs 1),Amp_region3,10,26,0.6384615384615384,,,higher in disease,False,centre
intermediate (3 vs 1),Amp_region4,10,26,0.5961538461538461,,,higher in disease,False,centre
intermediate (3 vs 1),Amp_region5,10,26,0.4076923076923077,,,lower in disease,False,middle
intermediate (3 vs 1),Amp_region6,10,26,0.4653846153846154,,,lower in disease,False,middle
intermediate (3 vs 1),Amp_region7,10,26,0.38076923076923075,,,lower in disease,False,middle
intermediate (3 vs 1),Amp_region8,10,26,0.5038461538461538,,,higher in disease,False,middle
intermediate (3 vs 1),Amp_region9,10,26,0.5230769230769231,,,higher in disease,False,middle
intermediate (3 vs 1),Amp_region10,10,26,0.38461538461538464,,,lower in disease,False,middle
intermediate (3 vs 1),Amp_region11,10,26,0.38846153846153847,,,lower in disease,False,middle
intermediate (3 vs 1),Amp_region12,10,26,0.4307692307692308,,,lower in disease,False,middle
intermediate (3 vs 1),Amp_region13,10,26,0.4115384615384615,,,lower in disease,False,outer
intermediate (3 vs 1),Amp_region14,10,26,0.3269230769230769,,,lower in disease,False,outer
intermediate (3 vs 1),Amp_region15,10,26,0.4423076923076923,,,lower in disease,False,outer
intermediate (3 vs 1),Amp_region16,10,26,0.3730769230769231,,,lower in disease,False,outer
intermediate (3 vs 1),Amp_region17,10,26,0.35,,,lower in disease,False,outer
intermediate (3 vs 1),Amp_region18,10,26,0.3384615384615385,,,lower in disease,False,outer
intermediate (3 vs 1),Amp_region19,10,26,0.4807692307692308,,,lower in disease,False,outer
intermediate (3 vs 1),Amp_region20,10,26,0.35384615384615387,,,lower in disease,False,outer
advanced (4 vs 1),mean_region1,7,26,0.1813186813186813,,,lower in disease,False,centre
advanced (4 vs 1),mean_region2,7,26,0.1813186813186813,,,lower in disease,False,centre
advanced (4 vs 1),mean_region3,7,26,0.23626373626373626,,,lower in disease,False,centre
advanced (4 vs 1),mean_region4,7,26,0.21428571428571427,,,lower in disease,False,centre
advanced (4 vs 1),mean_region5,7,26,0.15934065934065933,,,lower in disease,False,middle
advanced (4 vs 1),mean_region6,7,26,0.12087912087912088,,,lower in disease,False,middle
advanced (4 vs 1),mean_region7,7,26,0.14835164835164835,,,lower in disease,False,middle
advanced (4 vs 1),mean_region8,7,26,0.11538461538461539,,,lower in disease,False,middle
advanced (4 vs 1),mean_region9,7,26,0.10989010989010989,,,lower in disease,False,middle
advanced (4 vs 1),mean_region10,7,26,0.11538461538461539,,,lower in disease,False,middle
advanced (4 vs 1),mean_region11,7,26,0.16483516483516483,,,lower in disease,False,middle
advanced (4 vs 1),mean_region12,7,26,0.15934065934065933,,,lower in disease,False,middle
advanced (4 vs 1),mean_region13,7,26,0.1813186813186813,,,lower in disease,False,outer
advanced (4 vs 1),mean_region14,7,26,0.14835164835164835,,,lower in disease,False,outer
advanced (4 vs 1),mean_region15,7,26,0.14835164835164835,,,lower in disease,False,outer
advanced (4 vs 1),mean_region16,7,26,0.12087912087912088,,,lower in disease,False,outer
advanced (4 vs 1),mean_region17,7,26,0.23076923076923078,,,lower in disease,False,outer
advanced (4 vs 1),mean_region18,7,26,0.33516483516483514,,,lower in disease,False,outer
advanced (4 vs 1),mean_region19,7,26,0.45054945054945056,,,lower in disease,False,outer
advanced (4 vs 1),mean_region20,7,26,0.2802197802197802,,,lower in disease,False,outer
advanced (4 vs 1),median_region1,7,26,0.16483516483516483,,,lower in disease,False,centre
advanced (4 vs 1),median_region2,7,26,0.1978021978021978,,,lower in disease,False,centre
advanced (4 vs 1),median_region3,7,26,0.22527472527472528,,,lower in disease,False,centre
advanced (4 vs 1),median_region4,7,26,0.25824175824175827,,,lower in disease,False,centre
advanced (4 vs 1),median_region5,7,26,0.17032967032967034,,,lower in disease,False,middle
advanced (4 vs 1),median_region6,7,26,0.10989010989010989,,,lower in disease,False,middle
advanced (4 vs 1),median_region7,7,26,0.14285714285714285,,,lower in disease,False,middle
advanced (4 vs 1),median_region8,7,26,0.1043956043956044,,,lower in disease,False,middle
advanced (4 vs 1),median_region9,7,26,0.10989010989010989,,,lower in disease,False,middle
advanced (4 vs 1),median_region10,7,26,0.08241758241758242,,,lower in disease,False,middle
advanced (4 vs 1),median_region11,7,26,0.14835164835164835,,,lower in disease,False,middle
advanced (4 vs 1),median_region12,7,26,0.16483516483516483,,,lower in disease,False,middle
advanced (4 vs 1),median_region13,7,26,0.15384615384615385,,,lower in disease,False,outer
advanced (4 vs 1),median_region14,7,26,0.15384615384615385,,,lower in disease,False,outer
advanced (4 vs 1),median_region15,7,26,0.14835164835164835,,,lower in disease,False,outer
advanced (4 vs 1),median_region16,7,26,0.12087912087912088,,,lower in disease,False,outer
advanced (4 vs 1),median_region17,7,26,0.2087912087912088,,,lower in disease,False,outer
advanced (4 vs 1),median_region18,7,26,0.3901098901098901,,,lower in disease,False,outer
advanced (4 vs 1),median_region19,7,26,0.5604395604395604,,,higher in disease,False,outer
advanced (4 vs 1),median_region20,7,26,0.25824175824175827,,,lower in disease,False,outer
advanced (4 vs 1),std_region1,7,26,0.4065934065934066,,,lower in disease,False,centre
advanced (4 vs 1),std_region2,7,26,0.46153846153846156,,,lower in disease,False,centre
advanced (4 vs 1),std_region3,7,26,0.29120879120879123,,,lower in disease,False,centre
advanced (4 vs 1),std_region4,7,26,0.2692307692307692,,,lower in disease,False,centre
advanced (4 vs 1),std_region5,7,26,0.5274725274725275,,,higher in disease,False,middle
advanced (4 vs 1),std_region6,7,26,0.489010989010989,,,lower in disease,False,middle
advanced (4 vs 1),std_region7,7,26,0.5989010989010989,,,higher in disease,False,middle
advanced (4 vs 1),std_region8,7,26,0.7307692307692307,,,higher in disease,False,middle
advanced (4 vs 1),std_region9,7,26,0.5659340659340659,,,higher in disease,False,middle
advanced (4 vs 1),std_region10,7,26,0.46153846153846156,,,lower in disease,False,middle
advanced (4 vs 1),std_region11,7,26,0.46703296703296704,,,lower in disease,False,middle
advanced (4 vs 1),std_region12,7,26,0.4230769230769231,,,lower in disease,False,middle
advanced (4 vs 1),std_region13,7,26,0.2802197802197802,,,lower in disease,False,outer
advanced (4 vs 1),std_region14,7,26,0.21978021978021978,,,lower in disease,False,outer
advanced (4 vs 1),std_region15,7,26,0.29120879120879123,,,lower in disease,False,outer
advanced (4 vs 1),std_region16,7,26,0.38461538461538464,,,lower in disease,False,outer
advanced (4 vs 1),std_region17,7,26,0.2857142857142857,,,lower in disease,False,outer
advanced (4 vs 1),std_region18,7,26,0.19230769230769232,,,lower in disease,False,outer
advanced (4 vs 1),std_region19,7,26,0.06593406593406594,,,lower in disease,False,outer
advanced (4 vs 1),std_region20,7,26,0.10989010989010989,,,lower in disease,False,outer
advanced (4 vs 1),iqr_region1,7,26,0.3901098901098901,,,lower in disease,False,centre
advanced (4 vs 1),iqr_region2,7,26,0.4725274725274725,,,lower in disease,False,centre
advanced (4 vs 1),iqr_region3,7,26,0.27472527472527475,,,lower in disease,False,centre
advanced (4 vs 1),iqr_region4,7,26,0.25274725274725274,,,lower in disease,False,centre
advanced (4 vs 1),iqr_region5,7,26,0.47802197802197804,,,lower in disease,False,middle
advanced (4 vs 1),iqr_region6,7,26,0.5054945054945055,,,higher in disease,False,middle
advanced (4 vs 1),iqr_region7,7,26,0.6153846153846154,,,higher in disease,False,middle
advanced (4 vs 1),iqr_region8,7,26,0.6593406593406593,,,higher in disease,False,middle
advanced (4 vs 1),iqr_region9,7,26,0.5164835164835165,,,higher in disease,False,middle
advanced (4 vs 1),iqr_region10,7,26,0.4230769230769231,,,lower in disease,False,middle
advanced (4 vs 1),iqr_region11,7,26,0.46153846153846156,,,lower in disease,False,middle
advanced (4 vs 1),iqr_region12,7,26,0.38461538461538464,,,lower in disease,False,middle
advanced (4 vs 1),iqr_region13,7,26,0.2087912087912088,,,lower in disease,False,outer
advanced (4 vs 1),iqr_region14,7,26,0.15384615384615385,,,lower in disease,False,outer
advanced (4 vs 1),iqr_region15,7,26,0.27472527472527475,,,lower in disease,False,outer
advanced (4 vs 1),iqr_region16,7,26,0.2802197802197802,,,lower in disease,False,outer
advanced (4 vs 1),iqr_region17,7,26,0.21428571428571427,,,lower in disease,False,outer
advanced (4 vs 1),iqr_region18,7,26,0.14835164835164835,,,lower in disease,False,outer
advanced (4 vs 1),iqr_region19,7,26,0.03296703296703297,,,lower in disease,False,outer
advanced (4 vs 1),iqr_region20,7,26,0.0989010989010989,,,lower in disease,False,outer
advanced (4 vs 1),idr_region1,7,26,0.42857142857142855,,,lower in disease,False,centre
advanced (4 vs 1),idr_region2,7,26,0.4725274725274725,,,lower in disease,False,centre
advanced (4 vs 1),idr_region3,7,26,0.2802197802197802,,,lower in disease,False,centre
advanced (4 vs 1),idr_region4,7,26,0.25824175824175827,,,lower in disease,False,centre
advanced (4 vs 1),idr_region5,7,26,0.4835164835164835,,,lower in disease,False,middle
advanced (4 vs 1),idr_region6,7,26,0.489010989010989,,,lower in disease,False,middle
advanced (4 vs 1),idr_region7,7,26,0.6263736263736264,,,higher in disease,False,middle
advanced (4 vs 1),idr_region8,7,26,0.6978021978021978,,,higher in disease,False,middle
advanced (4 vs 1),idr_region9,7,26,0.5824175824175825,,,higher in disease,False,middle
advanced (4 vs 1),idr_region10,7,26,0.47802197802197804,,,lower in disease,False,middle
advanced (4 vs 1),idr_region11,7,26,0.4835164835164835,,,lower in disease,False,middle
advanced (4 vs 1),idr_region12,7,26,0.3901098901098901,,,lower in disease,False,middle
advanced (4 vs 1),idr_region13,7,26,0.2802197802197802,,,lower in disease,False,outer
advanced (4 vs 1),idr_region14,7,26,0.24175824175824176,,,lower in disease,False,outer
advanced (4 vs 1),idr_region15,7,26,0.3076923076923077,,,lower in disease,False,outer
advanced (4 vs 1),idr_region16,7,26,0.3901098901098901,,,lower in disease,False,outer
advanced (4 vs 1),idr_region17,7,26,0.27472527472527475,,,lower in disease,False,outer
advanced (4 vs 1),idr_region18,7,26,0.2087912087912088,,,lower in disease,False,outer
advanced (4 vs 1),idr_region19,7,26,0.09340659340659341,,,lower in disease,False,outer
advanced (4 vs 1),idr_region20,7,26,0.13736263736263737,,,lower in disease,False,outer
advanced (4 vs 1),skew_region1,7,26,0.37362637362637363,,,lower in disease,False,centre
advanced (4 vs 1),skew_region2,7,26,0.2802197802197802,,,lower in disease,False,centre
advanced (4 vs 1),skew_region3,7,26,0.3021978021978022,,,lower in disease,False,centre
advanced (4 vs 1),skew_region4,7,26,0.38461538461538464,,,lower in disease,False,centre
advanced (4 vs 1),skew_region5,7,26,0.2692307692307692,,,lower in disease,False,middle
advanced (4 vs 1),skew_region6,7,26,0.5,,,lower in disease,False,middle
advanced (4 vs 1),skew_region7,7,26,0.45604395604395603,,,lower in disease,False,middle
advanced (4 vs 1),skew_region8,7,26,0.3021978021978022,,,lower in disease,False,middle
advanced (4 vs 1),skew_region9,7,26,0.4065934065934066,,,lower in disease,False,middle
advanced (4 vs 1),skew_region10,7,26,0.6098901098901099,,,higher in disease,False,middle
advanced (4 vs 1),skew_region11,7,26,0.5934065934065934,,,higher in disease,False,middle
advanced (4 vs 1),skew_region12,7,26,0.489010989010989,,,lower in disease,False,middle
advanced (4 vs 1),skew_region13,7,26,0.3956043956043956,,,lower in disease,False,outer
advanced (4 vs 1),skew_region14,7,26,0.532967032967033,,,higher in disease,False,outer
advanced (4 vs 1),skew_region15,7,26,0.5164835164835165,,,higher in disease,False,outer
advanced (4 vs 1),skew_region16,7,26,0.5439560439560439,,,higher in disease,False,outer
advanced (4 vs 1),skew_region17,7,26,0.521978021978022,,,higher in disease,False,outer
advanced (4 vs 1),skew_region18,7,26,0.521978021978022,,,higher in disease,False,outer
advanced (4 vs 1),skew_region19,7,26,0.4725274725274725,,,lower in disease,False,outer
advanced (4 vs 1),skew_region20,7,26,0.5,,,lower in disease,False,outer
advanced (4 vs 1),kurt_region1,7,26,0.6043956043956044,,,higher in disease,False,centre
advanced (4 vs 1),kurt_region2,7,26,0.5439560439560439,,,higher in disease,False,centre
advanced (4 vs 1),kurt_region3,7,26,0.5439560439560439,,,higher in disease,False,centre
advanced (4 vs 1),kurt_region4,7,26,0.6978021978021978,,,higher in disease,False,centre
advanced (4 vs 1),kurt_region5,7,26,0.7527472527472527,,,higher in disease,False,middle
advanced (4 vs 1),kurt_region6,7,26,0.532967032967033,,,higher in disease,False,middle
advanced (4 vs 1),kurt_region7,7,26,0.4175824175824176,,,lower in disease,False,middle
advanced (4 vs 1),kurt_region8,7,26,0.6703296703296703,,,higher in disease,False,middle
advanced (4 vs 1),kurt_region9,7,26,0.6483516483516484,,,higher in disease,False,middle
advanced (4 vs 1),kurt_region10,7,26,0.5714285714285714,,,higher in disease,False,middle
advanced (4 vs 1),kurt_region11,7,26,0.554945054945055,,,higher in disease,False,middle
advanced (4 vs 1),kurt_region12,7,26,0.45604395604395603,,,lower in disease,False,middle
advanced (4 vs 1),kurt_region13,7,26,0.6813186813186813,,,higher in disease,False,outer
advanced (4 vs 1),kurt_region14,7,26,0.6703296703296703,,,higher in disease,False,outer
advanced (4 vs 1),kurt_region15,7,26,0.6868131868131868,,,higher in disease,False,outer
advanced (4 vs 1),kurt_region16,7,26,0.8406593406593407,,,higher in disease,False,outer
advanced (4 vs 1),kurt_region17,7,26,1.0,,,higher in disease,False,outer
advanced (4 vs 1),kurt_region18,7,26,0.8351648351648352,,,higher in disease,False,outer
advanced (4 vs 1),kurt_region19,7,26,0.8021978021978022,,,higher in disease,False,outer
advanced (4 vs 1),kurt_region20,7,26,0.8956043956043956,,,higher in disease,False,outer
advanced (4 vs 1),Del_region1,7,26,0.5659340659340659,,,higher in disease,False,centre
advanced (4 vs 1),Del_region2,7,26,0.6153846153846154,,,higher in disease,False,centre
advanced (4 vs 1),Del_region3,7,26,0.6043956043956044,,,higher in disease,False,centre
advanced (4 vs 1),Del_region4,7,26,0.7197802197802198,,,higher in disease,False,centre
advanced (4 vs 1),Del_region5,7,26,0.4725274725274725,,,lower in disease,False,middle
advanced (4 vs 1),Del_region6,7,26,0.7087912087912088,,,higher in disease,False,middle
advanced (4 vs 1),Del_region7,7,26,0.5714285714285714,,,higher in disease,False,middle
advanced (4 vs 1),Del_region8,7,26,0.6373626373626373,,,higher in disease,False,middle
advanced (4 vs 1),Del_region9,7,26,0.5659340659340659,,,higher in disease,False,middle
advanced (4 vs 1),Del_region10,7,26,0.5989010989010989,,,higher in disease,False,middle
advanced (4 vs 1),Del_region11,7,26,0.6648351648351648,,,higher in disease,False,middle
advanced (4 vs 1),Del_region12,7,26,0.5164835164835165,,,higher in disease,False,middle
advanced (4 vs 1),Del_region13,7,26,0.6318681318681318,,,higher in disease,False,outer
advanced (4 vs 1),Del_region14,7,26,0.6208791208791209,,,higher in disease,False,outer
advanced (4 vs 1),Del_region15,7,26,0.6373626373626373,,,higher in disease,False,outer
advanced (4 vs 1),Del_region16,7,26,0.6868131868131868,,,higher in disease,False,outer
advanced (4 vs 1),Del_region17,7,26,0.5274725274725275,,,higher in disease,False,outer
advanced (4 vs 1),Del_region18,7,26,0.5714285714285714,,,higher in disease,False,outer
advanced (4 vs 1),Del_region19,7,26,0.6098901098901099,,,higher in disease,False,outer
advanced (4 vs 1),Del_region20,7,26,0.6538461538461539,,,higher in disease,False,outer
advanced (4 vs 1),Amp_region1,7,26,0.2857142857142857,,,lower in disease,False,centre
advanced (4 vs 1),Amp_region2,7,26,0.33516483516483514,,,lower in disease,False,centre
advanced (4 vs 1),Amp_region3,7,26,0.5494505494505495,,,higher in disease,False,centre
advanced (4 vs 1),Amp_region4,7,26,0.5274725274725275,,,higher in disease,False,centre
advanced (4 vs 1),Amp_region5,7,26,0.2692307692307692,,,lower in disease,False,middle
advanced (4 vs 1),Amp_region6,7,26,0.36813186813186816,,,lower in disease,False,middle
advanced (4 vs 1),Amp_region7,7,26,0.32967032967032966,,,lower in disease,False,middle
advanced (4 vs 1),Amp_region8,7,26,0.43956043956043955,,,lower in disease,False,middle
advanced (4 vs 1),Amp_region9,7,26,0.521978021978022,,,higher in disease,False,middle
advanced (4 vs 1),Amp_region10,7,26,0.4230769230769231,,,lower in disease,False,middle
advanced (4 vs 1),Amp_region11,7,26,0.4010989010989011,,,lower in disease,False,middle
advanced (4 vs 1),Amp_region12,7,26,0.3131868131868132,,,lower in disease,False,middle
advanced (4 vs 1),Amp_region13,7,26,0.31868131868131866,,,lower in disease,False,outer
advanced (4 vs 1),Amp_region14,7,26,0.35714285714285715,,,lower in disease,False,outer
advanced (4 vs 1),Amp_region15,7,26,0.4065934065934066,,,lower in disease,False,outer
advanced (4 vs 1),Amp_region16,7,26,0.3956043956043956,,,lower in disease,False,outer
advanced (4 vs 1),Amp_region17,7,26,0.41208791208791207,,,lower in disease,False,outer
advanced (4 vs 1),Amp_region18,7,26,0.3021978021978022,,,lower in disease,False,outer
advanced (4 vs 1),Amp_region19,7,26,0.41208791208791207,,,lower in disease,False,outer
advanced (4 vs 1),Amp_region20,7,26,0.34065934065934067,,,lower in disease,False,outer
advanced (3-4 vs 1),mean_region1,17,26,0.21945701357466063,,,lower in disease,False,centre
advanced (3-4 vs 1),mean_region2,17,26,0.248868778280543,,,lower in disease,False,centre
advanced (3-4 vs 1),mean_region3,17,26,0.27601809954751133,,,lower in disease,False,centre
advanced (3-4 vs 1),mean_region4,17,26,0.26018099547511314,,,lower in disease,False,centre
advanced (3-4 vs 1),mean_region5,17,26,0.1832579185520362,,,lower in disease,False,middle
advanced (3-4 vs 1),mean_region6,17,26,0.15384615384615385,,,lower in disease,False,middle
advanced (3-4 vs 1),mean_region7,17,26,0.17194570135746606,,,lower in disease,False,middle
advanced (3-4 vs 1),mean_region8,17,26,0.14705882352941177,,,lower in disease,False,middle
advanced (3-4 vs 1),mean_region9,17,26,0.16063348416289594,,,lower in disease,False,middle
advanced (3-4 vs 1),mean_region10,17,26,0.14705882352941177,,,lower in disease,False,middle
advanced (3-4 vs 1),mean_region11,17,26,0.18552036199095023,,,lower in disease,False,middle
advanced (3-4 vs 1),mean_region12,17,26,0.2081447963800905,,,lower in disease,False,middle
advanced (3-4 vs 1),mean_region13,17,26,0.248868778280543,,,lower in disease,False,outer
advanced (3-4 vs 1),mean_region14,17,26,0.19230769230769232,,,lower in disease,False,outer
advanced (3-4 vs 1),mean_region15,17,26,0.17647058823529413,,,lower in disease,False,outer
advanced (3-4 vs 1),mean_region16,17,26,0.15610859728506787,,,lower in disease,False,outer
advanced (3-4 vs 1),mean_region17,17,26,0.25565610859728505,,,lower in disease,False,outer
advanced (3-4 vs 1),mean_region18,17,26,0.36425339366515835,,,lower in disease,False,outer
advanced (3-4 vs 1),mean_region19,17,26,0.47058823529411764,,,lower in disease,False,outer
advanced (3-4 vs 1),mean_region20,17,26,0.3416289592760181,,,lower in disease,False,outer
advanced (3-4 vs 1),median_region1,17,26,0.2149321266968326,,,lower in disease,False,centre
advanced (3-4 vs 1),median_region2,17,26,0.25339366515837103,,,lower in disease,False,centre
advanced (3-4 vs 1),median_region3,17,26,0.27828054298642535,,,lower in disease,False,centre
advanced (3-4 vs 1),median_region4,17,26,0.27828054298642535,,,lower in disease,False,centre
advanced (3-4 vs 1),median_region5,17,26,0.18778280542986425,,,lower in disease,False,middle
advanced (3-4 vs 1),median_region6,17,26,0.14479638009049775,,,lower in disease,False,middle
advanced (3-4 vs 1),median_region7,17,26,0.15384615384615385,,,lower in disease,False,middle
advanced (3-4 vs 1),median_region8,17,26,0.14027149321266968,,,lower in disease,False,middle
advanced (3-4 vs 1),median_region9,17,26,0.15610859728506787,,,lower in disease,False,middle
advanced (3-4 vs 1),median_region10,17,26,0.1085972850678733,,,lower in disease,False,middle
advanced (3-4 vs 1),median_region11,17,26,0.17194570135746606,,,lower in disease,False,middle
advanced (3-4 vs 1),median_region12,17,26,0.2171945701357466,,,lower in disease,False,middle
advanced (3-4 vs 1),median_region13,17,26,0.2420814479638009,,,lower in disease,False,outer
advanced (3-4 vs 1),median_region14,17,26,0.19683257918552036,,,lower in disease,False,outer
advanced (3-4 vs 1),median_region15,17,26,0.16289592760180996,,,lower in disease,False,outer
advanced (3-4 vs 1),median_region16,17,26,0.1515837104072398,,,lower in disease,False,outer
advanced (3-4 vs 1),median_region17,17,26,0.2398190045248869,,,lower in disease,False,outer
advanced (3-4 vs 1),median_region18,17,26,0.4321266968325792,,,lower in disease,False,outer
advanced (3-4 vs 1),median_region19,17,26,0.5497737556561086,,,higher in disease,False,outer
advanced (3-4 vs 1),median_region20,17,26,0.3257918552036199,,,lower in disease,False,outer
advanced (3-4 vs 1),std_region1,17,26,0.49547511312217196,,,lower in disease,False,centre
advanced (3-4 vs 1),std_region2,17,26,0.5135746606334841,,,higher in disease,False,centre
advanced (3-4 vs 1),std_region3,17,26,0.4343891402714932,,,lower in disease,False,centre
advanced (3-4 vs 1),std_region4,17,26,0.38009049773755654,,,lower in disease,False,centre
advanced (3-4 vs 1),std_region5,17,26,0.6063348416289592,,,higher in disease,False,middle
advanced (3-4 vs 1),std_region6,17,26,0.5203619909502263,,,higher in disease,False,middle
advanced (3-4 vs 1),std_region7,17,26,0.6153846153846154,,,higher in disease,False,middle
advanced (3-4 vs 1),std_region8,17,26,0.7262443438914027,,,higher in disease,False,middle
advanced (3-4 vs 1),std_region9,17,26,0.6244343891402715,,,higher in disease,False,middle
advanced (3-4 vs 1),std_region10,17,26,0.5067873303167421,,,higher in disease,False,middle
advanced (3-4 vs 1),std_region11,17,26,0.5271493212669683,,,higher in disease,False,middle
advanced (3-4 vs 1),std_region12,17,26,0.4502262443438914,,,lower in disease,False,middle
advanced (3-4 vs 1),std_region13,17,26,0.38235294117647056,,,lower in disease,False,outer
advanced (3-4 vs 1),std_region14,17,26,0.332579185520362,,,lower in disease,False,outer
advanced (3-4 vs 1),std_region15,17,26,0.4117647058823529,,,lower in disease,False,outer
advanced (3-4 vs 1),std_region16,17,26,0.45475113122171945,,,lower in disease,False,outer
advanced (3-4 vs 1),std_region17,17,26,0.36877828054298645,,,lower in disease,False,outer
advanced (3-4 vs 1),std_region18,17,26,0.2669683257918552,,,lower in disease,False,outer
advanced (3-4 vs 1),std_region19,17,26,0.1832579185520362,,,lower in disease,False,outer
advanced (3-4 vs 1),std_region20,17,26,0.2149321266968326,,,lower in disease,False,outer
advanced (3-4 vs 1),iqr_region1,17,26,0.48868778280542985,,,lower in disease,False,centre
advanced (3-4 vs 1),iqr_region2,17,26,0.5180995475113123,,,higher in disease,False,centre
advanced (3-4 vs 1),iqr_region3,17,26,0.42081447963800905,,,lower in disease,False,centre
advanced (3-4 vs 1),iqr_region4,17,26,0.3574660633484163,,,lower in disease,False,centre
advanced (3-4 vs 1),iqr_region5,17,26,0.5565610859728507,,,higher in disease,False,middle
advanced (3-4 vs 1),iqr_region6,17,26,0.5565610859728507,,,higher in disease,False,middle
advanced (3-4 vs 1),iqr_region7,17,26,0.6199095022624435,,,higher in disease,False,middle
advanced (3-4 vs 1),iqr_region8,17,26,0.6855203619909502,,,higher in disease,False,middle
advanced (3-4 vs 1),iqr_region9,17,26,0.6085972850678733,,,higher in disease,False,middle
advanced (3-4 vs 1),iqr_region10,17,26,0.4751131221719457,,,lower in disease,False,middle
advanced (3-4 vs 1),iqr_region11,17,26,0.5361990950226244,,,higher in disease,False,middle
advanced (3-4 vs 1),iqr_region12,17,26,0.43891402714932126,,,lower in disease,False,middle
advanced (3-4 vs 1),iqr_region13,17,26,0.3393665158371041,,,lower in disease,False,outer
advanced (3-4 vs 1),iqr_region14,17,26,0.2895927601809955,,,lower in disease,False,outer
advanced (3-4 vs 1),iqr_region15,17,26,0.38235294117647056,,,lower in disease,False,outer
advanced (3-4 vs 1),iqr_region16,17,26,0.39592760180995473,,,lower in disease,False,outer
advanced (3-4 vs 1),iqr_region17,17,26,0.31447963800904977,,,lower in disease,False,outer
advanced (3-4 vs 1),iqr_region18,17,26,0.2171945701357466,,,lower in disease,False,outer
advanced (3-4 vs 1),iqr_region19,17,26,0.15384615384615385,,,lower in disease,False,outer
advanced (3-4 vs 1),iqr_region20,17,26,0.19683257918552036,,,lower in disease,False,outer
advanced (3-4 vs 1),idr_region1,17,26,0.49547511312217196,,,lower in disease,False,centre
advanced (3-4 vs 1),idr_region2,17,26,0.5067873303167421,,,higher in disease,False,centre
advanced (3-4 vs 1),idr_region3,17,26,0.4276018099547511,,,lower in disease,False,centre
advanced (3-4 vs 1),idr_region4,17,26,0.3755656108597285,,,lower in disease,False,centre
advanced (3-4 vs 1),idr_region5,17,26,0.5723981900452488,,,higher in disease,False,middle
advanced (3-4 vs 1),idr_region6,17,26,0.5429864253393665,,,higher in disease,False,middle
advanced (3-4 vs 1),idr_region7,17,26,0.6312217194570136,,,higher in disease,False,middle
advanced (3-4 vs 1),idr_region8,17,26,0.7058823529411765,,,higher in disease,False,middle
advanced (3-4 vs 1),idr_region9,17,26,0.6312217194570136,,,higher in disease,False,middle
advanced (3-4 vs 1),idr_region10,17,26,0.5180995475113123,,,higher in disease,False,middle
advanced (3-4 vs 1),idr_region11,17,26,0.5384615384615384,,,higher in disease,False,middle
advanced (3-4 vs 1),idr_region12,17,26,0.4321266968325792,,,lower in disease,False,middle
advanced (3-4 vs 1),idr_region13,17,26,0.3733031674208145,,,lower in disease,False,outer
advanced (3-4 vs 1),idr_region14,17,26,0.34615384615384615,,,lower in disease,False,outer
advanced (3-4 vs 1),idr_region15,17,26,0.41402714932126694,,,lower in disease,False,outer
advanced (3-4 vs 1),idr_region16,17,26,0.46153846153846156,,,lower in disease,False,outer
advanced (3-4 vs 1),idr_region17,17,26,0.36199095022624433,,,lower in disease,False,outer
advanced (3-4 vs 1),idr_region18,17,26,0.2669683257918552,,,lower in disease,False,outer
advanced (3-4 vs 1),idr_region19,17,26,0.20588235294117646,,,lower in disease,False,outer
advanced (3-4 vs 1),idr_region20,17,26,0.23076923076923078,,,lower in disease,False,outer
advanced (3-4 vs 1),skew_region1,17,26,0.40271493212669685,,,lower in disease,False,centre
advanced (3-4 vs 1),skew_region2,17,26,0.35294117647058826,,,lower in disease,False,centre
advanced (3-4 vs 1),skew_region3,17,26,0.3076923076923077,,,lower in disease,False,centre
advanced (3-4 vs 1),skew_region4,17,26,0.3574660633484163,,,lower in disease,False,centre
advanced (3-4 vs 1),skew_region5,17,26,0.3936651583710407,,,lower in disease,False,middle
advanced (3-4 vs 1),skew_region6,17,26,0.6040723981900452,,,higher in disease,False,middle
advanced (3-4 vs 1),skew_region7,17,26,0.5633484162895928,,,higher in disease,False,middle
advanced (3-4 vs 1),skew_region8,17,26,0.4502262443438914,,,lower in disease,False,middle
advanced (3-4 vs 1),skew_region9,17,26,0.4841628959276018,,,lower in disease,False,middle
advanced (3-4 vs 1),skew_region10,17,26,0.6470588235294118,,,higher in disease,False,middle
advanced (3-4 vs 1),skew_region11,17,26,0.5950226244343891,,,higher in disease,False,middle
advanced (3-4 vs 1),skew_region12,17,26,0.5180995475113123,,,higher in disease,False,middle
advanced (3-4 vs 1),skew_region13,17,26,0.49547511312217196,,,lower in disease,False,outer
advanced (3-4 vs 1),skew_region14,17,26,0.6244343891402715,,,higher in disease,False,outer
advanced (3-4 vs 1),skew_region15,17,26,0.6063348416289592,,,higher in disease,False,outer
advanced (3-4 vs 1),skew_region16,17,26,0.5927601809954751,,,higher in disease,False,outer
advanced (3-4 vs 1),skew_region17,17,26,0.579185520361991,,,higher in disease,False,outer
advanced (3-4 vs 1),skew_region18,17,26,0.47058823529411764,,,lower in disease,False,outer
advanced (3-4 vs 1),skew_region19,17,26,0.47737556561085975,,,lower in disease,False,outer
advanced (3-4 vs 1),skew_region20,17,26,0.5520361990950227,,,higher in disease,False,outer
advanced (3-4 vs 1),kurt_region1,17,26,0.5248868778280543,,,higher in disease,False,centre
advanced (3-4 vs 1),kurt_region2,17,26,0.5656108597285068,,,higher in disease,False,centre
advanced (3-4 vs 1),kurt_region3,17,26,0.45475113122171945,,,lower in disease,False,centre
advanced (3-4 vs 1),kurt_region4,17,26,0.6176470588235294,,,higher in disease,False,centre
advanced (3-4 vs 1),kurt_region5,17,26,0.6357466063348416,,,higher in disease,False,middle
advanced (3-4 vs 1),kurt_region6,17,26,0.5,,,lower in disease,False,middle
advanced (3-4 vs 1),kurt_region7,17,26,0.4117647058823529,,,lower in disease,False,middle
advanced (3-4 vs 1),kurt_region8,17,26,0.6312217194570136,,,higher in disease,False,middle
advanced (3-4 vs 1),kurt_region9,17,26,0.5656108597285068,,,higher in disease,False,middle
advanced (3-4 vs 1),kurt_region10,17,26,0.6470588235294118,,,higher in disease,False,middle
advanced (3-4 vs 1),kurt_region11,17,26,0.5588235294117647,,,higher in disease,False,middle
advanced (3-4 vs 1),kurt_region12,17,26,0.5882352941176471,,,higher in disease,False,middle
advanced (3-4 vs 1),kurt_region13,17,26,0.6085972850678733,,,higher in disease,False,outer
advanced (3-4 vs 1),kurt_region14,17,26,0.5271493212669683,,,higher in disease,False,outer
advanced (3-4 vs 1),kurt_region15,17,26,0.6018099547511312,,,higher in disease,False,outer
advanced (3-4 vs 1),kurt_region16,17,26,0.8099547511312217,,,higher in disease,False,outer
advanced (3-4 vs 1),kurt_region17,17,26,0.9276018099547512,,,higher in disease,False,outer
advanced (3-4 vs 1),kurt_region18,17,26,0.8280542986425339,,,higher in disease,False,outer
advanced (3-4 vs 1),kurt_region19,17,26,0.7873303167420814,,,higher in disease,False,outer
advanced (3-4 vs 1),kurt_region20,17,26,0.8778280542986425,,,higher in disease,False,outer
advanced (3-4 vs 1),Del_region1,17,26,0.579185520361991,,,higher in disease,False,centre
advanced (3-4 vs 1),Del_region2,17,26,0.5565610859728507,,,higher in disease,False,centre
advanced (3-4 vs 1),Del_region3,17,26,0.5927601809954751,,,higher in disease,False,centre
advanced (3-4 vs 1),Del_region4,17,26,0.667420814479638,,,higher in disease,False,centre
advanced (3-4 vs 1),Del_region5,17,26,0.497737556561086,,,lower in disease,False,middle
advanced (3-4 vs 1),Del_region6,17,26,0.6719457013574661,,,higher in disease,False,middle
advanced (3-4 vs 1),Del_region7,17,26,0.5633484162895928,,,higher in disease,False,middle
advanced (3-4 vs 1),Del_region8,17,26,0.665158371040724,,,higher in disease,False,middle
advanced (3-4 vs 1),Del_region9,17,26,0.6018099547511312,,,higher in disease,False,middle
advanced (3-4 vs 1),Del_region10,17,26,0.5678733031674208,,,higher in disease,False,middle
advanced (3-4 vs 1),Del_region11,17,26,0.6289592760180995,,,higher in disease,False,middle
advanced (3-4 vs 1),Del_region12,17,26,0.5135746606334841,,,higher in disease,False,middle
advanced (3-4 vs 1),Del_region13,17,26,0.5927601809954751,,,higher in disease,False,outer
advanced (3-4 vs 1),Del_region14,17,26,0.5882352941176471,,,higher in disease,False,outer
advanced (3-4 vs 1),Del_region15,17,26,0.6131221719457014,,,higher in disease,False,outer
advanced (3-4 vs 1),Del_region16,17,26,0.6334841628959276,,,higher in disease,False,outer
advanced (3-4 vs 1),Del_region17,17,26,0.5113122171945701,,,higher in disease,False,outer
advanced (3-4 vs 1),Del_region18,17,26,0.5475113122171946,,,higher in disease,False,outer
advanced (3-4 vs 1),Del_region19,17,26,0.5769230769230769,,,higher in disease,False,outer
advanced (3-4 vs 1),Del_region20,17,26,0.6334841628959276,,,higher in disease,False,outer
advanced (3-4 vs 1),Amp_region1,17,26,0.3936651583710407,,,lower in disease,False,centre
advanced (3-4 vs 1),Amp_region2,17,26,0.36199095022624433,,,lower in disease,False,centre
advanced (3-4 vs 1),Amp_region3,17,26,0.6018099547511312,,,higher in disease,False,centre
advanced (3-4 vs 1),Amp_region4,17,26,0.5678733031674208,,,higher in disease,False,centre
advanced (3-4 vs 1),Amp_region5,17,26,0.3506787330316742,,,lower in disease,False,middle
advanced (3-4 vs 1),Amp_region6,17,26,0.4253393665158371,,,lower in disease,False,middle
advanced (3-4 vs 1),Amp_region7,17,26,0.3597285067873303,,,lower in disease,False,middle
advanced (3-4 vs 1),Amp_region8,17,26,0.47737556561085975,,,lower in disease,False,middle
advanced (3-4 vs 1),Amp_region9,17,26,0.5226244343891403,,,higher in disease,False,middle
advanced (3-4 vs 1),Amp_region10,17,26,0.4004524886877828,,,lower in disease,False,middle
advanced (3-4 vs 1),Amp_region11,17,26,0.3936651583710407,,,lower in disease,False,middle
advanced (3-4 vs 1),Amp_region12,17,26,0.38235294117647056,,,lower in disease,False,middle
advanced (3-4 vs 1),Amp_region13,17,26,0.3733031674208145,,,lower in disease,False,outer
advanced (3-4 vs 1),Amp_region14,17,26,0.3393665158371041,,,lower in disease,False,outer
advanced (3-4 vs 1),Amp_region15,17,26,0.4276018099547511,,,lower in disease,False,outer
advanced (3-4 vs 1),Amp_region16,17,26,0.38235294117647056,,,lower in disease,False,outer
advanced (3-4 vs 1),Amp_region17,17,26,0.3755656108597285,,,lower in disease,False,outer
advanced (3-4 vs 1),Amp_region18,17,26,0.3235294117647059,,,lower in disease,False,outer
advanced (3-4 vs 1),Amp_region19,17,26,0.45248868778280543,,,lower in disease,False,outer
advanced (3-4 vs 1),Amp_region20,17,26,0.34841628959276016,,,lower in disease,False,outer
any AMD (2-4 vs 1),mean_region1,32,26,0.3954326923076923,,,lower in disease,False,centre
any AMD (2-4 vs 1),mean_region2,32,26,0.41586538461538464,,,lower in disease,False,centre
any AMD (2-4 vs 1),mean_region3,32,26,0.42788461538461536,,,lower in disease,False,centre
any AMD (2-4 vs 1),mean_region4,32,26,0.4026442307692308,,,lower in disease,False,centre
any AMD (2-4 vs 1),mean_region5,32,26,0.3389423076923077,,,lower in disease,False,middle
any AMD (2-4 vs 1),mean_region6,32,26,0.34134615384615385,,,lower in disease,False,middle
any AMD (2-4 vs 1),mean_region7,32,26,0.38822115384615385,,,lower in disease,False,middle
any AMD (2-4 vs 1),mean_region8,32,26,0.3233173076923077,,,lower in disease,False,middle
any AMD (2-4 vs 1),mean_region9,32,26,0.33413461538461536,,,lower in disease,False,middle
any AMD (2-4 vs 1),mean_region10,32,26,0.296875,,,lower in disease,False,middle
any AMD (2-4 vs 1),mean_region11,32,26,0.31490384615384615,,,lower in disease,False,middle
any AMD (2-4 vs 1),mean_region12,32,26,0.3317307692307692,,,lower in disease,False,middle
any AMD (2-4 vs 1),mean_region13,32,26,0.359375,,,lower in disease,False,outer
any AMD (2-4 vs 1),mean_region14,32,26,0.3485576923076923,,,lower in disease,False,outer
any AMD (2-4 vs 1),mean_region15,32,26,0.34375,,,lower in disease,False,outer
any AMD (2-4 vs 1),mean_region16,32,26,0.31850961538461536,,,lower in disease,False,outer
any AMD (2-4 vs 1),mean_region17,32,26,0.34975961538461536,,,lower in disease,False,outer
any AMD (2-4 vs 1),mean_region18,32,26,0.41947115384615385,,,lower in disease,False,outer
any AMD (2-4 vs 1),mean_region19,32,26,0.4879807692307692,,,lower in disease,False,outer
any AMD (2-4 vs 1),mean_region20,32,26,0.39783653846153844,,,lower in disease,False,outer
any AMD (2-4 vs 1),median_region1,32,26,0.375,,,lower in disease,False,centre
any AMD (2-4 vs 1),median_region2,32,26,0.39903846153846156,,,lower in disease,False,centre
any AMD (2-4 vs 1),median_region3,32,26,0.41225961538461536,,,lower in disease,False,centre
any AMD (2-4 vs 1),median_region4,32,26,0.4014423076923077,,,lower in disease,False,centre
any AMD (2-4 vs 1),median_region5,32,26,0.34375,,,lower in disease,False,middle
any AMD (2-4 vs 1),median_region6,32,26,0.3329326923076923,,,lower in disease,False,middle
any AMD (2-4 vs 1),median_region7,32,26,0.375,,,lower in disease,False,middle
any AMD (2-4 vs 1),median_region8,32,26,0.32211538461538464,,,lower in disease,False,middle
any AMD (2-4 vs 1),median_region9,32,26,0.3317307692307692,,,lower in disease,False,middle
any AMD (2-4 vs 1),median_region10,32,26,0.2764423076923077,,,lower in disease,False,middle
any AMD (2-4 vs 1),median_region11,32,26,0.31009615384615385,,,lower in disease,False,middle
any AMD (2-4 vs 1),median_region12,32,26,0.34615384615384615,,,lower in disease,False,middle
any AMD (2-4 vs 1),median_region13,32,26,0.34975961538461536,,,lower in disease,False,outer
any AMD (2-4 vs 1),median_region14,32,26,0.3389423076923077,,,lower in disease,False,outer
any AMD (2-4 vs 1),median_region15,32,26,0.33533653846153844,,,lower in disease,False,outer
any AMD (2-4 vs 1),median_region16,32,26,0.31490384615384615,,,lower in disease,False,outer
any AMD (2-4 vs 1),median_region17,32,26,0.3473557692307692,,,lower in disease,False,outer
any AMD (2-4 vs 1),median_region18,32,26,0.4543269230769231,,,lower in disease,False,outer
any AMD (2-4 vs 1),median_region19,32,26,0.5300480769230769,,,higher in disease,False,outer
any AMD (2-4 vs 1),median_region20,32,26,0.3786057692307692,,,lower in disease,False,outer
any AMD (2-4 vs 1),std_region1,32,26,0.6021634615384616,,,higher in disease,False,centre
any AMD (2-4 vs 1),std_region2,32,26,0.5829326923076923,,,higher in disease,False,centre
any AMD (2-4 vs 1),std_region3,32,26,0.5480769230769231,,,higher in disease,False,centre
any AMD (2-4 vs 1),std_region4,32,26,0.5252403846153846,,,higher in disease,False,centre
any AMD (2-4 vs 1),std_region5,32,26,0.5961538461538461,,,higher in disease,False,middle
any AMD (2-4 vs 1),std_region6,32,26,0.4855769230769231,,,lower in disease,False,middle
any AMD (2-4 vs 1),std_region7,32,26,0.5588942307692307,,,higher in disease,False,middle
any AMD (2-4 vs 1),std_region8,32,26,0.6430288461538461,,,higher in disease,False,middle
any AMD (2-4 vs 1),std_region9,32,26,0.5961538461538461,,,higher in disease,False,middle
any AMD (2-4 vs 1),std_region10,32,26,0.5348557692307693,,,higher in disease,False,middle
any AMD (2-4 vs 1),std_region11,32,26,0.53125,,,higher in disease,False,middle
any AMD (2-4 vs 1),std_region12,32,26,0.5348557692307693,,,higher in disease,False,middle
any AMD (2-4 vs 1),std_region13,32,26,0.4266826923076923,,,lower in disease,False,outer
any AMD (2-4 vs 1),std_region14,32,26,0.35216346153846156,,,lower in disease,False,outer
any AMD (2-4 vs 1),std_region15,32,26,0.4362980769230769,,,lower in disease,False,outer
any AMD (2-4 vs 1),std_region16,32,26,0.5036057692307693,,,higher in disease,False,outer
any AMD (2-4 vs 1),std_region17,32,26,0.4579326923076923,,,lower in disease,False,outer
any AMD (2-4 vs 1),std_region18,32,26,0.35216346153846156,,,lower in disease,False,outer
any AMD (2-4 vs 1),std_region19,32,26,0.33653846153846156,,,lower in disease,False,outer
any AMD (2-4 vs 1),std_region20,32,26,0.3858173076923077,,,lower in disease,False,outer
any AMD (2-4 vs 1),iqr_region1,32,26,0.5649038461538461,,,higher in disease,False,centre
any AMD (2-4 vs 1),iqr_region2,32,26,0.5372596153846154,,,higher in disease,False,centre
any AMD (2-4 vs 1),iqr_region3,32,26,0.5012019230769231,,,higher in disease,False,centre
any AMD (2-4 vs 1),iqr_region4,32,26,0.5024038461538461,,,higher in disease,False,centre
any AMD (2-4 vs 1),iqr_region5,32,26,0.5625,,,higher in disease,False,middle
any AMD (2-4 vs 1),iqr_region6,32,26,0.5372596153846154,,,higher in disease,False,middle
any AMD (2-4 vs 1),iqr_region7,32,26,0.5889423076923077,,,higher in disease,False,middle
any AMD (2-4 vs 1),iqr_region8,32,26,0.6310096153846154,,,higher in disease,False,middle
any AMD (2-4 vs 1),iqr_region9,32,26,0.5877403846153846,,,higher in disease,False,middle
any AMD (2-4 vs 1),iqr_region10,32,26,0.5408653846153846,,,higher in disease,False,middle
any AMD (2-4 vs 1),iqr_region11,32,26,0.5384615384615384,,,higher in disease,False,middle
any AMD (2-4 vs 1),iqr_region12,32,26,0.5336538461538461,,,higher in disease,False,middle
any AMD (2-4 vs 1),iqr_region13,32,26,0.39903846153846156,,,lower in disease,False,outer
any AMD (2-4 vs 1),iqr_region14,32,26,0.375,,,lower in disease,False,outer
any AMD (2-4 vs 1),iqr_region15,32,26,0.4338942307692308,,,lower in disease,False,outer
any AMD (2-4 vs 1),iqr_region16,32,26,0.484375,,,lower in disease,False,outer
any AMD (2-4 vs 1),iqr_region17,32,26,0.4387019230769231,,,lower in disease,False,outer
any AMD (2-4 vs 1),iqr_region18,32,26,0.3173076923076923,,,lower in disease,False,outer
any AMD (2-4 vs 1),iqr_region19,32,26,0.32572115384615385,,,lower in disease,False,outer
any AMD (2-4 vs 1),iqr_region20,32,26,0.375,,,lower in disease,False,outer
any AMD (2-4 vs 1),idr_region1,32,26,0.6033653846153846,,,higher in disease,False,centre
any AMD (2-4 vs 1),idr_region2,32,26,0.5889423076923077,,,higher in disease,False,centre
any AMD (2-4 vs 1),idr_region3,32,26,0.5492788461538461,,,higher in disease,False,centre
any AMD (2-4 vs 1),idr_region4,32,26,0.5180288461538461,,,higher in disease,False,centre
any AMD (2-4 vs 1),idr_region5,32,26,0.5709134615384616,,,higher in disease,False,middle
any AMD (2-4 vs 1),idr_region6,32,26,0.5168269230769231,,,higher in disease,False,middle
any AMD (2-4 vs 1),idr_region7,32,26,0.5769230769230769,,,higher in disease,False,middle
any AMD (2-4 vs 1),idr_region8,32,26,0.6322115384615384,,,higher in disease,False,middle
any AMD (2-4 vs 1),idr_region9,32,26,0.6069711538461539,,,higher in disease,False,middle
any AMD (2-4 vs 1),idr_region10,32,26,0.5516826923076923,,,higher in disease,False,middle
any AMD (2-4 vs 1),idr_region11,32,26,0.5492788461538461,,,higher in disease,False,middle
any AMD (2-4 vs 1),idr_region12,32,26,0.5192307692307693,,,higher in disease,False,middle
any AMD (2-4 vs 1),idr_region13,32,26,0.43149038461538464,,,lower in disease,False,outer
any AMD (2-4 vs 1),idr_region14,32,26,0.38822115384615385,,,lower in disease,False,outer
any AMD (2-4 vs 1),idr_region15,32,26,0.4579326923076923,,,lower in disease,False,outer
any AMD (2-4 vs 1),idr_region16,32,26,0.5144230769230769,,,higher in disease,False,outer
any AMD (2-4 vs 1),idr_region17,32,26,0.4639423076923077,,,lower in disease,False,outer
any AMD (2-4 vs 1),idr_region18,32,26,0.375,,,lower in disease,False,outer
any AMD (2-4 vs 1),idr_region19,32,26,0.3545673076923077,,,lower in disease,False,outer
any AMD (2-4 vs 1),idr_region20,32,26,0.390625,,,lower in disease,False,outer
any AMD (2-4 vs 1),skew_region1,32,26,0.5084134615384616,,,higher in disease,False,centre
any AMD (2-4 vs 1),skew_region2,32,26,0.5036057692307693,,,higher in disease,False,centre
any AMD (2-4 vs 1),skew_region3,32,26,0.44711538461538464,,,lower in disease,False,centre
any AMD (2-4 vs 1),skew_region4,32,26,0.4579326923076923,,,lower in disease,False,centre
any AMD (2-4 vs 1),skew_region5,32,26,0.4855769230769231,,,lower in disease,False,middle
any AMD (2-4 vs 1),skew_region6,32,26,0.6586538461538461,,,higher in disease,False,middle
any AMD (2-4 vs 1),skew_region7,32,26,0.5901442307692307,,,higher in disease,False,middle
any AMD (2-4 vs 1),skew_region8,32,26,0.4855769230769231,,,lower in disease,False,middle
any AMD (2-4 vs 1),skew_region9,32,26,0.5817307692307693,,,higher in disease,False,middle
any AMD (2-4 vs 1),skew_region10,32,26,0.6814903846153846,,,higher in disease,False,middle
any AMD (2-4 vs 1),skew_region11,32,26,0.6418269230769231,,,higher in disease,False,middle
any AMD (2-4 vs 1),skew_region12,32,26,0.515625,,,higher in disease,False,middle
any AMD (2-4 vs 1),skew_region13,32,26,0.5697115384615384,,,higher in disease,False,outer
any AMD (2-4 vs 1),skew_region14,32,26,0.6574519230769231,,,higher in disease,False,outer
any AMD (2-4 vs 1),skew_region15,32,26,0.6322115384615384,,,higher in disease,False,outer
any AMD (2-4 vs 1),skew_region16,32,26,0.5925480769230769,,,higher in disease,False,outer
any AMD (2-4 vs 1),skew_region17,32,26,0.5757211538461539,,,higher in disease,False,outer
any AMD (2-4 vs 1),skew_region18,32,26,0.5709134615384616,,,higher in disease,False,outer
any AMD (2-4 vs 1),skew_region19,32,26,0.5661057692307693,,,higher in disease,False,outer
any AMD (2-4 vs 1),skew_region20,32,26,0.5685096153846154,,,higher in disease,False,outer
any AMD (2-4 vs 1),kurt_region1,32,26,0.5817307692307693,,,higher in disease,False,centre
any AMD (2-4 vs 1),kurt_region2,32,26,0.6346153846153846,,,higher in disease,False,centre
any AMD (2-4 vs 1),kurt_region3,32,26,0.5721153846153846,,,higher in disease,False,centre
any AMD (2-4 vs 1),kurt_region4,32,26,0.5997596153846154,,,higher in disease,False,centre
any AMD (2-4 vs 1),kurt_region5,32,26,0.5432692307692307,,,higher in disease,False,middle
any AMD (2-4 vs 1),kurt_region6,32,26,0.4170673076923077,,,lower in disease,False,middle
any AMD (2-4 vs 1),kurt_region7,32,26,0.34615384615384615,,,lower in disease,False,middle
any AMD (2-4 vs 1),kurt_region8,32,26,0.5649038461538461,,,higher in disease,False,middle
any AMD (2-4 vs 1),kurt_region9,32,26,0.5612980769230769,,,higher in disease,False,middle
any AMD (2-4 vs 1),kurt_region10,32,26,0.5384615384615384,,,higher in disease,False,middle
any AMD (2-4 vs 1),kurt_region11,32,26,0.5204326923076923,,,higher in disease,False,middle
any AMD (2-4 vs 1),kurt_region12,32,26,0.5757211538461539,,,higher in disease,False,middle
any AMD (2-4 vs 1),kurt_region13,32,26,0.48677884615384615,,,lower in disease,False,outer
any AMD (2-4 vs 1),kurt_region14,32,26,0.43028846153846156,,,lower in disease,False,outer
any AMD (2-4 vs 1),kurt_region15,32,26,0.49158653846153844,,,lower in disease,False,outer
any AMD (2-4 vs 1),kurt_region16,32,26,0.6310096153846154,,,higher in disease,False,outer
any AMD (2-4 vs 1),kurt_region17,32,26,0.6730769230769231,,,higher in disease,False,outer
any AMD (2-4 vs 1),kurt_region18,32,26,0.6766826923076923,,,higher in disease,False,outer
any AMD (2-4 vs 1),kurt_region19,32,26,0.5985576923076923,,,higher in disease,False,outer
any AMD (2-4 vs 1),kurt_region20,32,26,0.7331730769230769,,,higher in disease,False,outer
any AMD (2-4 vs 1),Del_region1,32,26,0.4567307692307692,,,lower in disease,False,centre
any AMD (2-4 vs 1),Del_region2,32,26,0.45072115384615385,,,lower in disease,False,centre
any AMD (2-4 vs 1),Del_region3,32,26,0.46153846153846156,,,lower in disease,False,centre
any AMD (2-4 vs 1),Del_region4,32,26,0.546875,,,higher in disease,False,centre
any AMD (2-4 vs 1),Del_region5,32,26,0.43028846153846156,,,lower in disease,False,middle
any AMD (2-4 vs 1),Del_region6,32,26,0.5540865384615384,,,higher in disease,False,middle
any AMD (2-4 vs 1),Del_region7,32,26,0.4651442307692308,,,lower in disease,False,middle
any AMD (2-4 vs 1),Del_region8,32,26,0.5108173076923077,,,higher in disease,False,middle
any AMD (2-4 vs 1),Del_region9,32,26,0.46033653846153844,,,lower in disease,False,middle
any AMD (2-4 vs 1),Del_region10,32,26,0.453125,,,lower in disease,False,middle
any AMD (2-4 vs 1),Del_region11,32,26,0.484375,,,lower in disease,False,middle
any AMD (2-4 vs 1),Del_region12,32,26,0.4266826923076923,,,lower in disease,False,middle
any AMD (2-4 vs 1),Del_region13,32,26,0.4831730769230769,,,lower in disease,False,outer
any AMD (2-4 vs 1),Del_region14,32,26,0.5252403846153846,,,higher in disease,False,outer
any AMD (2-4 vs 1),Del_region15,32,26,0.4855769230769231,,,lower in disease,False,outer
any AMD (2-4 vs 1),Del_region16,32,26,0.5192307692307693,,,higher in disease,False,outer
any AMD (2-4 vs 1),Del_region17,32,26,0.41225961538461536,,,lower in disease,False,outer
any AMD (2-4 vs 1),Del_region18,32,26,0.44711538461538464,,,lower in disease,False,outer
any AMD (2-4 vs 1),Del_region19,32,26,0.4723557692307692,,,lower in disease,False,outer
any AMD (2-4 vs 1),Del_region20,32,26,0.4891826923076923,,,lower in disease,False,outer
any AMD (2-4 vs 1),Amp_region1,32,26,0.4699519230769231,,,lower in disease,False,centre
any AMD (2-4 vs 1),Amp_region2,32,26,0.4387019230769231,,,lower in disease,False,centre
any AMD (2-4 vs 1),Amp_region3,32,26,0.5745192307692307,,,higher in disease,False,centre
any AMD (2-4 vs 1),Amp_region4,32,26,0.5865384615384616,,,higher in disease,False,centre
any AMD (2-4 vs 1),Amp_region5,32,26,0.46274038461538464,,,lower in disease,False,middle
any AMD (2-4 vs 1),Amp_region6,32,26,0.515625,,,higher in disease,False,middle
any AMD (2-4 vs 1),Amp_region7,32,26,0.46033653846153844,,,lower in disease,False,middle
any AMD (2-4 vs 1),Amp_region8,32,26,0.5384615384615384,,,higher in disease,False,middle
any AMD (2-4 vs 1),Amp_region9,32,26,0.5516826923076923,,,higher in disease,False,middle
any AMD (2-4 vs 1),Amp_region10,32,26,0.4266826923076923,,,lower in disease,False,middle
any AMD (2-4 vs 1),Amp_region11,32,26,0.46875,,,lower in disease,False,middle
any AMD (2-4 vs 1),Amp_region12,32,26,0.47836538461538464,,,lower in disease,False,middle
any AMD (2-4 vs 1),Amp_region13,32,26,0.421875,,,lower in disease,False,outer
any AMD (2-4 vs 1),Amp_region14,32,26,0.44350961538461536,,,lower in disease,False,outer
any AMD (2-4 vs 1),Amp_region15,32,26,0.47115384615384615,,,lower in disease,False,outer
any AMD (2-4 vs 1),Amp_region16,32,26,0.43149038461538464,,,lower in disease,False,outer
any AMD (2-4 vs 1),Amp_region17,32,26,0.4254807692307692,,,lower in disease,False,outer
any AMD (2-4 vs 1),Amp_region18,32,26,0.43028846153846156,,,lower in disease,False,outer
any AMD (2-4 vs 1),Amp_region19,32,26,0.4891826923076923,,,lower in disease,False,outer
any AMD (2-4 vs 1),Amp_region20,32,26,0.41346153846153844,,,lower in disease,False,outer
