feature,ring,ICC_ring_mean,ICC_median_per_zone,fellow_eye_spearman
mean,centre,0.7489505191130509,0.7526385707848818,0.8394088669950738
mean,middle,0.7917692809112208,0.767391213538869,0.8394088669950738
mean,outer,0.735603394575047,0.6096897929211964,0.8394088669950738
median,centre,0.749796405745683,0.7503820238927631,0.8241379310344826
median,middle,0.7953531488605838,0.7638587055002795,0.8241379310344826
median,outer,0.7129429951704641,0.6011071813937741,0.8241379310344826
std,centre,0.7871427072220041,0.7858691102762203,0.8108374384236452
std,middle,0.5145782325581251,0.5281327696998014,0.8108374384236452
std,outer,0.4625999995630153,0.48262320653172275,0.8108374384236452
iqr,centre,0.792054745791988,0.7652375731554053,0.8669950738916254
iqr,middle,0.5175827606956516,0.5037860087222905,0.8669950738916254
iqr,outer,0.5146406791655826,0.5066354246718843,0.8669950738916254
idr,centre,0.7884966821680389,0.7894678874506431,0.7729064039408866
idr,middle,0.5207485857445694,0.5294472181758932,0.7729064039408866
idr,outer,0.48888490220864694,0.5031067211278165,0.7729064039408866
skew,centre,0.7664370213942616,0.719201217718415,0.5487684729064038
skew,middle,0.7716490605378884,0.7128191988339438,0.5487684729064038
skew,outer,0.6170426046322999,0.5891498700670013,0.5487684729064038
kurt,centre,0.8371738963837541,0.7593791508482959,0.2428571428571428
kurt,middle,0.5382555908372182,0.5819305124519081,0.2428571428571428
kurt,outer,0.5666241046090853,0.5417614609149013,0.2428571428571428
Del,centre,0.8509838738611973,0.6974681330293855,0.9541871921182266
Del,middle,0.8683561717363721,0.6698011148665347,0.9541871921182266
Del,outer,0.9157797919121275,0.7312588022947801,0.9541871921182266
Amp,centre,0.7219302645332929,0.6213360094771065,0.9256157635467978
Amp,middle,0.7785473451150359,0.6016192806641443,0.9256157635467978
Amp,outer,0.8113374605843193,0.5690134833788183,0.9256157635467978
