contrast,feature,n_disease,n_normal,AUC,lo,hi,direction,ci_excludes_05
early (2 vs 1),Del2 mean TD,15,26,0.3153846153846154,0.14393939393939395,0.5064342105263158,lower in disease,False
early (2 vs 1),Del2 worst (max) TD,15,26,0.36923076923076925,0.19861111111111113,0.5533480392156863,lower in disease,False
early (2 vs 1),Amp2 mean TD,15,26,0.4897435897435897,0.26187229437229437,0.6980012175324675,lower in disease,False
early (2 vs 1),Amp2 worst (min) TD,15,26,0.5051282051282051,0.32016124871001034,0.6875485248447204,higher in disease,False
intermediate (3 vs 1),Del2 mean TD,10,26,0.5615384615384615,0.3141025641025641,0.8102975406236276,higher in disease,False
intermediate (3 vs 1),Del2 worst (max) TD,10,26,0.6423076923076924,0.4051111111111111,0.8857440476190476,higher in disease,False
intermediate (3 vs 1),Amp2 mean TD,10,26,0.40384615384615385,0.1647539381914382,0.6655797101449276,lower in disease,False
intermediate (3 vs 1),Amp2 worst (min) TD,10,26,0.4076923076923077,0.20416454081632654,0.620052995391705,lower in disease,False
advanced (4 vs 1),Del2 mean TD,7,26,0.6263736263736264,0.35976542498719916,0.8793183269476372,higher in disease,False
advanced (4 vs 1),Del2 worst (max) TD,7,26,0.6483516483516484,0.36138157894736844,0.8921173553719007,higher in disease,False
advanced (4 vs 1),Amp2 mean TD,7,26,0.37362637362637363,0.12080789170506913,0.6750721153846153,lower in disease,False
advanced (4 vs 1),Amp2 worst (min) TD,7,26,0.3791208791208791,0.18749164438502675,0.59625,lower in disease,False
advanced (3-4 vs 1),Del2 mean TD,17,26,0.5882352941176471,0.3410408085430969,0.8219157894736842,higher in disease,False
advanced (3-4 vs 1),Del2 worst (max) TD,17,26,0.6447963800904978,0.39742647058823527,0.8670823070607554,higher in disease,False
advanced (3-4 vs 1),Amp2 mean TD,17,26,0.3914027149321267,0.16666666666666666,0.6494029408091908,lower in disease,False
advanced (3-4 vs 1),Amp2 worst (min) TD,17,26,0.39592760180995473,0.21080555555555558,0.6064688940092166,lower in disease,False
any AMD (2-4 vs 1),Del2 mean TD,32,26,0.46033653846153844,0.2777744391025641,0.6603901515151515,lower in disease,False
any AMD (2-4 vs 1),Del2 worst (max) TD,32,26,0.515625,0.32651196172248803,0.716371212121212,higher in disease,False
any AMD (2-4 vs 1),Amp2 mean TD,32,26,0.4375,0.25375327797202796,0.6397251400560223,lower in disease,False
any AMD (2-4 vs 1),Amp2 worst (min) TD,32,26,0.44711538461538464,0.2828713528893919,0.6320274615222433,lower in disease,False
