task,groups,rings,group_by,model,n_eyes,AUC,AUC_lo,AUC_hi,p_above,p_below,verdict
advanced,"Del,Amp",all,eye,lr,43,0.5594457013574661,0.4474922715053764,0.669048579109063,0.3830845771144278,0.6218905472636815,NO DETECTABLE SIGNAL
advanced,all,all,eye,lr,43,0.8860859728506787,0.802863248474447,0.9474873853893784,0.0049751243781094,1.0,SIGNAL
advanced,all,all,eye,rf,43,0.9378676470588236,0.8722940963606286,0.9820184941520468,0.0049751243781094,1.0,SIGNAL
advanced,all,centre,eye,lr,43,0.8014705882352942,0.7088427483974359,0.8853839329628174,0.0348258706467661,0.9701492537313432,SIGNAL
advanced,all,middle,eye,lr,43,0.8657239819004525,0.7811021261953058,0.9337753160474715,0.0099502487562189,0.9950248756218906,SIGNAL
advanced,all,outer,eye,lr,43,0.863631221719457,0.754291238046943,0.9506842320261436,0.0149253731343283,0.9900497512437813,SIGNAL
advanced,"mean,median,std,iqr,idr,skew,kurt",all,eye,lr,43,0.9096153846153848,0.8293478260869567,0.9687630208333332,0.0049751243781094,1.0,SIGNAL
any,all,centre,eye,lr,58,0.6098858173076922,0.4969451104330136,0.7203833285330258,0.2139303482587064,0.7910447761194029,NO DETECTABLE SIGNAL
any,all,middle,eye,lr,58,0.6660757211538462,0.5519342814410712,0.7703787878787878,0.1094527363184079,0.8955223880597015,NO DETECTABLE SIGNAL
any,all,outer,eye,lr,58,0.5995192307692307,0.4846806814803804,0.7030680683169388,0.2587064676616915,0.746268656716418,NO DETECTABLE SIGNAL
early,"Del,Amp",all,eye,lr,41,0.5837820512820514,0.4201694196428571,0.74000625,0.3283582089552239,0.6766169154228856,NO DETECTABLE SIGNAL
early,all,all,eye,lr,41,0.5806410256410256,0.4215953125,0.7307526418242491,0.4278606965174129,0.5771144278606966,NO DETECTABLE SIGNAL
early,all,all,eye,rf,41,0.5885576923076924,0.41593515625,0.7522540370813395,0.2338308457711442,0.7711442786069652,NO DETECTABLE SIGNAL
early,all,centre,eye,lr,41,0.6112179487179488,0.448611111111111,0.7664361434713265,0.1343283582089552,0.8706467661691543,NO DETECTABLE SIGNAL
early,all,middle,eye,lr,41,0.5202564102564102,0.3771913485221674,0.659103385040885,0.5124378109452736,0.4925373134328358,NO DETECTABLE SIGNAL
early,all,outer,eye,lr,41,0.5074358974358975,0.3781859375,0.6342826704545456,0.5621890547263682,0.4427860696517413,NO DETECTABLE SIGNAL
early,"mean,median,std,iqr,idr,skew,kurt",all,eye,lr,41,0.5380128205128206,0.4065494608429496,0.6677107007575758,0.4577114427860697,0.5472636815920398,NO DETECTABLE SIGNAL
