perm,T
0,0.5932692307692308
1,0.3419871794871795
2,0.46987179487179487
3,0.48525641025641025
4,0.5451923076923078
5,0.6554487179487178
6,0.5740384615384615
7,0.3028846153846154
8,0.5096153846153846
9,0.5782051282051283
10,0.548397435897436
11,0.5512820512820513
12,0.48301282051282046
13,0.4125
14,0.45544871794871794
15,0.7108974358974359
16,0.5445512820512821
17,0.5233974358974358
18,0.5019230769230769
19,0.5391025641025641
20,0.5253205128205128
21,0.4608974358974359
22,0.5407051282051283
23,0.28012820512820513
24,0.5400641025641025
25,0.4083333333333333
26,0.5230769230769231
27,0.5961538461538463
28,0.7060897435897435
29,0.6586538461538461
30,0.6641025641025641
31,0.5455128205128205
32,0.5535256410256411
33,0.5060897435897436
34,0.38942307692307687
35,0.43685897435897436
36,0.5753205128205128
37,0.3900641025641026
38,0.45096153846153847
39,0.5583333333333333
40,0.6974358974358974
41,0.3269230769230769
42,0.5009615384615385
43,0.4583333333333333
44,0.5054487179487179
45,0.6192307692307693
46,0.4961538461538461
47,0.496474358974359
48,0.4836538461538462
49,0.455448717948718
50,0.5887820512820513
51,0.5416666666666667
52,0.4442307692307692
53,0.5897435897435898
54,0.6525641025641026
55,0.6608974358974359
56,0.4705128205128205
57,0.5391025641025642
58,0.4894230769230769
59,0.7217948717948718
60,0.5432692307692308
61,0.39711538461538465
62,0.444551282051282
63,0.4673076923076923
64,0.6669871794871796
65,0.43493589743589745
66,0.455448717948718
67,0.42532051282051275
68,0.4560897435897436
69,0.5663461538461538
70,0.4041666666666667
71,0.4240384615384616
72,0.5291666666666667
73,0.5570512820512821
74,0.47692307692307695
75,0.43974358974358974
76,0.6009615384615385
77,0.5477564102564103
78,0.514102564102564
79,0.38237179487179485
80,0.47147435897435896
81,0.6298076923076923
82,0.4153846153846154
83,0.4131410256410256
84,0.43525641025641026
85,0.6057692307692308
86,0.5028846153846154
87,0.4833333333333334
88,0.5355769230769231
89,0.7118589743589745
90,0.6115384615384616
91,0.5557692307692308
92,0.3878205128205129
93,0.5301282051282051
94,0.5881410256410257
95,0.6160256410256411
96,0.721474358974359
97,0.7637820512820512
98,0.5570512820512821
99,0.37243589743589745
100,0.5054487179487179
101,0.43685897435897436
102,0.4391025641025641
103,0.510576923076923
104,0.3685897435897436
105,0.7410256410256411
106,0.41858974358974355
107,0.5993589743589743
108,0.5868589743589744
109,0.7990384615384615
110,0.6782051282051282
111,0.36955128205128207
112,0.5509615384615385
113,0.6407051282051281
114,0.6903846153846154
115,0.6596153846153846
116,0.6618589743589743
117,0.6304487179487179
118,0.5240384615384616
119,0.39551282051282055
120,0.6012820512820514
121,0.7025641025641026
122,0.430448717948718
123,0.44903846153846155
124,0.582051282051282
125,0.4551282051282051
126,0.49102564102564106
127,0.5910256410256409
128,0.5211538461538462
129,0.5349358974358975
130,0.5416666666666667
131,0.47435897435897434
132,0.46314102564102566
133,0.5419871794871794
134,0.4958333333333333
135,0.6820512820512821
136,0.6192307692307693
137,0.4477564102564102
138,0.4169871794871795
139,0.49807692307692314
140,0.47756410256410253
141,0.42500000000000004
142,0.43589743589743596
143,0.6016025641025642
144,0.4016025641025641
145,0.3932692307692308
146,0.46826923076923077
147,0.3778846153846154
148,0.38589743589743586
149,0.3971153846153846
150,0.5230769230769231
151,0.4394230769230769
152,0.6044871794871796
153,0.6858974358974359
154,0.271474358974359
155,0.4935897435897436
156,0.3788461538461539
157,0.6381410256410256
158,0.4711538461538462
159,0.7211538461538461
160,0.5403846153846154
161,0.45160256410256416
162,0.41217948717948716
163,0.6387820512820512
164,0.555448717948718
165,0.38108974358974357
166,0.5125000000000001
167,0.4458333333333333
168,0.6185897435897436
169,0.6346153846153846
170,0.378525641025641
171,0.7006410256410256
172,0.5419871794871794
173,0.39070512820512826
174,0.4724358974358975
175,0.5336538461538461
176,0.4669871794871795
177,0.4971153846153846
178,0.5333333333333334
179,0.34262820512820513
180,0.680448717948718
181,0.5705128205128205
182,0.42820512820512824
183,0.5205128205128206
184,0.5278846153846155
185,0.5240384615384615
186,0.42083333333333334
187,0.27211538461538465
188,0.5224358974358975
189,0.6695512820512821
190,0.5185897435897435
191,0.28557692307692306
192,0.6916666666666667
193,0.6221153846153846
194,0.7625
195,0.519551282051282
196,0.5407051282051283
197,0.7493589743589744
198,0.3910256410256411
199,0.535897435897436
