cnn_dropout,cnn_units,fc_dropout,learning_rate,pos_weight_value,transformer_dim,transformer_dropout,transformer_heads,transformer_layers,weight_decay,avg_f1,std_f1
0.3,64,0.3,0.001,75.0,64,0.2,2,1,0.0001,0.7351449835851424,0.03426362066004317
0.3,64,0.2,0.001,59.0,32,0.3,2,1,0.0001,0.7272727272727272,1.1102230246251565e-16
0.2,64,0.3,0.001,75.0,32,0.2,2,1,0.0001,0.7272727272727272,1.1102230246251565e-16
0.2,64,0.3,0.001,59.0,32,0.3,2,1,0.0001,0.7230443974630022,0.019222243406604438
0.2,64,0.3,0.001,75.0,64,0.2,2,1,0.0001,0.7174066243833686,0.013952776513899458
0.2,32,0.3,0.001,75.0,32,0.2,2,1,0.0001,0.7174066243833686,0.013952776513899458
0.3,32,0.2,0.001,75.0,32,0.3,2,1,0.0001,0.7124907612712491,0.02090485679782844
0.3,64,0.3,0.001,75.0,32,0.3,2,1,0.0001,0.7124907612712491,0.02090485679782844
0.2,32,0.3,0.001,59.0,32,0.3,2,1,0.0001,0.7075405214940099,0.013952776513899458
0.3,32,0.2,0.001,75.0,32,0.2,2,1,0.0001,0.7070707070707071,0.0285699709570322
0.3,64,0.3,0.001,75.0,32,0.2,2,1,0.0001,0.7070707070707071,0.0285699709570322
0.3,64,0.3,0.001,59.0,64,0.3,2,1,0.0001,0.7038063562453806,0.05012331776710151
0.3,32,0.3,0.001,75.0,64,0.2,2,1,0.0001,0.7027417027417027,0.02605406938711078
0.3,32,0.3,0.001,75.0,64,0.3,2,1,0.0001,0.7018683717492565,0.04838195346370803
0.2,32,0.3,0.001,75.0,64,0.3,2,1,0.0001,0.7018683717492565,0.04838195346370803
0.2,32,0.3,0.001,59.0,64,0.3,2,1,0.0001,0.7015151515151515,0.03642671297021608
0.3,64,0.3,0.001,59.0,64,0.2,2,1,0.0001,0.7015151515151515,0.03642671297021608
0.2,64,0.2,0.001,59.0,64,0.2,2,1,0.0001,0.6972046041813483,0.024744550777098764
0.2,64,0.2,0.001,75.0,32,0.2,2,1,0.0001,0.6971861471861471,0.03378426646912998
0.3,32,0.3,0.001,75.0,32,0.2,2,1,0.0001,0.6962305986696231,0.04390019927543976
0.3,32,0.3,0.001,59.0,32,0.2,2,1,0.0001,0.6962305986696231,0.04390019927543976
0.3,32,0.2,0.001,59.0,64,0.2,2,1,0.0001,0.6940781440781442,0.031203808399926813
0.2,64,0.3,0.001,59.0,32,0.2,2,1,0.0001,0.6933251433251434,0.032235824377557135
0.2,64,0.2,0.001,59.0,32,0.2,2,1,0.0001,0.6923709585933069,0.03902688409633652
0.3,32,0.2,0.001,75.0,64,0.3,2,1,0.0001,0.6919015943406187,0.041181853226581536
0.2,64,0.3,0.001,59.0,64,0.3,2,1,0.0001,0.6916490486257928,0.03183286988400426
0.3,64,0.2,0.001,75.0,64,0.3,2,1,0.0001,0.68997668997669,0.05274456176682876
0.3,64,0.3,0.001,59.0,32,0.3,2,1,0.0001,0.68997668997669,0.05274456176682876
0.3,32,0.2,0.001,59.0,32,0.3,2,1,0.0001,0.6886844561263166,0.06688892097706069
0.2,32,0.2,0.001,59.0,32,0.2,2,1,0.0001,0.6867331855136732,0.03166106816413899
0.2,32,0.3,0.001,59.0,32,0.2,2,1,0.0001,0.6867331855136732,0.03166106816413899
0.3,32,0.3,0.001,59.0,64,0.3,2,1,0.0001,0.6834687140684693,0.074229593666674
0.3,64,0.2,0.001,59.0,64,0.2,2,1,0.0001,0.6818765316839772,0.0380544923470036
0.2,64,0.2,0.001,59.0,64,0.3,2,1,0.0001,0.6813131313131313,0.03320298972503757
0.3,64,0.2,0.001,75.0,32,0.3,2,1,0.0001,0.6808857808857809,0.04763578784017644
0.2,32,0.3,0.001,59.0,64,0.2,2,1,0.0001,0.6802840434419383,0.07598197665603665
0.3,64,0.2,0.001,59.0,64,0.3,2,1,0.0001,0.6801105870873313,0.047336409726187634
0.2,64,0.3,0.001,59.0,64,0.2,2,1,0.0001,0.6778309409888358,0.06992124471063149
0.3,32,0.2,0.001,59.0,32,0.2,2,1,0.0001,0.6778309409888358,0.06992124471063149
0.3,64,0.3,0.001,75.0,64,0.3,2,1,0.0001,0.6778309409888358,0.06992124471063149
0.2,32,0.2,0.001,75.0,32,0.3,2,1,0.0001,0.6778309409888358,0.06992124471063149
0.2,64,0.3,0.001,75.0,32,0.3,2,1,0.0001,0.676147439305334,0.06876174922754799
0.3,64,0.2,0.001,75.0,32,0.2,2,1,0.0001,0.6756714431133036,0.08521496318041182
0.3,64,0.2,0.001,59.0,32,0.2,2,1,0.0001,0.672882672882673,0.07691915257662518
0.2,32,0.2,0.001,75.0,32,0.2,2,1,0.0001,0.672882672882673,0.07691915257662518
0.2,64,0.2,0.001,59.0,32,0.3,2,1,0.0001,0.6706664381082986,0.09227161717913855
0.3,32,0.3,0.001,75.0,32,0.3,2,1,0.0001,0.6700336700336701,0.08094825104492463
0.2,32,0.2,0.001,75.0,64,0.3,2,1,0.0001,0.6697746697746698,0.04573096804836728
0.2,32,0.3,0.001,75.0,64,0.2,2,1,0.0001,0.6661624755782443,0.025937679192068033
0.2,64,0.3,0.001,75.0,64,0.3,2,1,0.0001,0.665028665028665,0.08802639700274797
0.2,32,0.3,0.001,75.0,32,0.3,2,1,0.0001,0.665028665028665,0.08802639700274797
0.3,32,0.3,0.001,59.0,32,0.3,2,1,0.0001,0.665028665028665,0.08802639700274797
0.3,64,0.2,0.001,75.0,64,0.2,2,1,0.0001,0.6628446628446629,0.05423300045575328
0.3,32,0.2,0.001,1.0,64,0.3,2,1,0.0001,0.6611611611611612,0.05224899218560718
0.2,32,0.2,0.001,59.0,64,0.3,2,1,0.0001,0.6571790782317097,0.09261257850455429
0.3,32,0.3,0.001,59.0,64,0.2,2,1,0.0001,0.6519480519480519,0.05452483634228154
0.2,64,0.2,0.001,75.0,32,0.3,2,1,0.0001,0.6484071484071484,0.10500871570564856
0.2,32,0.2,0.001,1.0,64,0.2,2,1,0.0001,0.6464474970417246,0.07216565601902016
0.2,32,0.2,0.001,1.0,32,0.2,2,1,0.0001,0.6450163398692811,0.060504420067530186
0.3,32,0.2,0.001,59.0,64,0.3,2,1,0.0001,0.6404976404976405,0.07330511486434194
0.2,32,0.2,0.001,75.0,64,0.2,2,1,0.0001,0.6389915414305659,0.07018691111443036
0.3,32,0.2,0.001,75.0,64,0.2,2,1,0.0001,0.6369509043927649,0.10187893541972261
0.2,64,0.2,0.001,75.0,64,0.2,2,1,0.0001,0.6273571629608782,0.11223772627523962
0.2,32,0.2,0.001,59.0,64,0.2,2,1,0.0001,0.6257309941520468,0.0706610875648806
0.2,32,0.2,0.001,59.0,32,0.3,2,1,0.0001,0.6252349276739521,0.08717961113730582
0.2,64,0.2,0.001,1.0,32,0.2,2,1,0.0001,0.6231231231231231,0.08829543800594088
0.3,64,0.3,0.001,1.0,32,0.2,2,1,0.0001,0.6223075610172385,0.08425369532925713
0.3,64,0.2,0.001,1.0,64,0.2,2,1,0.0001,0.6222222222222222,0.08748897637790902
0.2,32,0.2,0.001,1.0,64,0.3,2,1,0.0001,0.6209150326797386,0.06470258128504354
0.3,32,0.2,0.001,1.0,32,0.3,2,1,0.0001,0.6204481792717087,0.07811761973865379
0.2,32,0.3,0.001,1.0,64,0.2,2,1,0.0001,0.6169590643274855,0.08301210272852864
0.3,64,0.2,0.001,1.0,64,0.3,2,1,0.0001,0.6153616852146264,0.12577390255123116
0.3,64,0.3,0.001,1.0,64,0.3,2,1,0.0001,0.614300903774588,0.09686579233208002
0.2,64,0.2,0.001,75.0,64,0.3,2,1,0.0001,0.6138528138528138,0.15130969372153238
0.3,64,0.3,0.001,59.0,32,0.2,2,1,0.0001,0.6098484848484849,0.1660629561877498
0.3,32,0.3,0.001,1.0,32,0.3,2,1,0.0001,0.6071551427588581,0.0968326285013106
0.2,32,0.3,0.001,1.0,32,0.3,2,1,0.0001,0.6060606060606061,0.08570991287109664
0.2,64,0.3,0.001,1.0,32,0.2,2,1,0.0001,0.6034858387799564,0.046625129758241096
0.3,32,0.2,0.001,1.0,64,0.2,2,1,0.0001,0.6006207888560829,0.09679948412557289
0.3,32,0.2,0.001,1.0,32,0.2,2,1,0.0001,0.6002178649237474,0.1351728518176694
0.2,32,0.3,0.001,1.0,32,0.2,2,1,0.0001,0.59701083230495,0.09536486851632299
0.3,32,0.3,0.001,1.0,64,0.2,2,1,0.0001,0.5961389961389961,0.07888047581862515
0.3,64,0.3,0.001,1.0,32,0.3,2,1,0.0001,0.588583175205566,0.08345840345691313
0.2,32,0.2,0.001,1.0,32,0.3,2,1,0.0001,0.5882234321435774,0.1235486447501826
0.2,64,0.3,0.001,1.0,64,0.3,2,1,0.0001,0.5830686630369026,0.0836361042551146
0.2,32,0.3,0.001,1.0,64,0.3,2,1,0.0001,0.5822368421052632,0.07648763169559342
0.2,64,0.2,0.001,1.0,64,0.3,2,1,0.0001,0.5821733821733822,0.1338841062099974
0.2,64,0.2,0.001,1.0,32,0.3,2,1,0.0001,0.580765639589169,0.08103241186735324
0.3,64,0.2,0.001,1.0,32,0.3,2,1,0.0001,0.5761904761904763,0.11208192662799833
0.3,32,0.3,0.001,1.0,32,0.2,2,1,0.0001,0.5739066442388562,0.11566082265440938
0.3,32,0.3,0.001,1.0,64,0.3,2,1,0.0001,0.5636363636363637,0.10225495543308095
0.2,64,0.2,0.001,1.0,64,0.2,2,1,0.0001,0.5581510320108763,0.12240136364862207
0.2,64,0.3,0.001,1.0,64,0.2,2,1,0.0001,0.5537087890029067,0.0948106817281781
0.3,64,0.3,0.001,1.0,64,0.2,2,1,0.0001,0.5521008403361344,0.09523891909348721
0.3,64,0.2,0.001,1.0,32,0.2,2,1,0.0001,0.5504201680672269,0.13666769720412264
0.2,64,0.3,0.001,1.0,32,0.3,2,1,0.0001,0.505070368228263,0.14103004626001617
