cnn_units,dropout_rate,learning_rate,pos_weight_value,weight_decay,avg_f1,std_f1
128,0.2,0.001,100.0,0.0001,0.7388167388167389,0.016325697689732722
128,0.2,0.001,100.0,0.001,0.7329105003523608,0.007973015150799675
64,0.2,0.001,75.0,0.001,0.7289506359273802,0.02624875594769577
128,0.3,0.0001,59.0,1e-05,0.7272727272727272,1.1102230246251565e-16
64,0.3,0.0001,59.0,1e-05,0.7272727272727272,1.1102230246251565e-16
64,0.3,0.0001,59.0,0.0001,0.7272727272727272,1.1102230246251565e-16
64,0.3,0.0001,59.0,0.001,0.7272727272727272,1.1102230246251565e-16
64,0.3,0.0001,75.0,1e-05,0.7272727272727272,1.1102230246251565e-16
64,0.3,0.0001,75.0,0.0001,0.7272727272727272,1.1102230246251565e-16
64,0.3,0.0001,75.0,0.001,0.7272727272727272,1.1102230246251565e-16
64,0.3,0.0001,100.0,1e-05,0.7272727272727272,1.1102230246251565e-16
64,0.3,0.0001,100.0,0.0001,0.7272727272727272,1.1102230246251565e-16
64,0.3,0.0001,100.0,0.001,0.7272727272727272,1.1102230246251565e-16
64,0.3,0.0001,200.0,1e-05,0.7272727272727272,1.1102230246251565e-16
64,0.3,0.0001,200.0,0.0001,0.7272727272727272,1.1102230246251565e-16
64,0.3,0.0001,200.0,0.001,0.7272727272727272,1.1102230246251565e-16
128,0.2,0.0001,200.0,0.001,0.7272727272727272,1.1102230246251565e-16
128,0.2,0.0001,200.0,0.0001,0.7272727272727272,1.1102230246251565e-16
128,0.2,0.0001,200.0,1e-05,0.7272727272727272,1.1102230246251565e-16
128,0.2,0.0001,100.0,0.0001,0.7272727272727272,1.1102230246251565e-16
128,0.2,0.0001,100.0,1e-05,0.7272727272727272,1.1102230246251565e-16
128,0.2,0.0001,75.0,0.001,0.7272727272727272,1.1102230246251565e-16
128,0.2,0.0001,75.0,0.0001,0.7272727272727272,1.1102230246251565e-16
64,0.3,0.001,200.0,0.0001,0.7272727272727272,1.1102230246251565e-16
64,0.3,0.001,200.0,0.001,0.7272727272727272,1.1102230246251565e-16
128,0.2,0.0001,75.0,1e-05,0.7272727272727272,1.1102230246251565e-16
128,0.2,0.0001,59.0,0.001,0.7272727272727272,1.1102230246251565e-16
128,0.2,0.001,200.0,0.0001,0.7272727272727272,1.1102230246251565e-16
128,0.3,0.001,200.0,0.001,0.7272727272727272,1.1102230246251565e-16
64,0.2,0.001,200.0,0.0001,0.7272727272727272,1.1102230246251565e-16
64,0.2,0.0001,200.0,0.0001,0.7272727272727272,1.1102230246251565e-16
128,0.3,0.0001,200.0,0.001,0.7272727272727272,1.1102230246251565e-16
64,0.2,0.0001,59.0,1e-05,0.7272727272727272,1.1102230246251565e-16
64,0.2,0.0001,59.0,0.0001,0.7272727272727272,1.1102230246251565e-16
64,0.2,0.0001,59.0,0.001,0.7272727272727272,1.1102230246251565e-16
64,0.2,0.0001,75.0,1e-05,0.7272727272727272,1.1102230246251565e-16
64,0.2,0.0001,75.0,0.0001,0.7272727272727272,1.1102230246251565e-16
64,0.2,0.0001,75.0,0.001,0.7272727272727272,1.1102230246251565e-16
64,0.2,0.0001,100.0,1e-05,0.7272727272727272,1.1102230246251565e-16
64,0.2,0.0001,100.0,0.0001,0.7272727272727272,1.1102230246251565e-16
64,0.2,0.0001,100.0,0.001,0.7272727272727272,1.1102230246251565e-16
64,0.2,0.0001,200.0,1e-05,0.7272727272727272,1.1102230246251565e-16
128,0.3,0.0001,59.0,0.0001,0.7272727272727272,1.1102230246251565e-16
128,0.2,0.0001,59.0,0.0001,0.7272727272727272,1.1102230246251565e-16
64,0.2,0.0001,200.0,0.001,0.7272727272727272,1.1102230246251565e-16
128,0.3,0.0001,100.0,0.0001,0.7272727272727272,1.1102230246251565e-16
128,0.3,0.0001,59.0,0.001,0.7272727272727272,1.1102230246251565e-16
128,0.3,0.0001,75.0,1e-05,0.7272727272727272,1.1102230246251565e-16
128,0.3,0.0001,75.0,0.0001,0.7272727272727272,1.1102230246251565e-16
128,0.3,0.0001,75.0,0.001,0.7272727272727272,1.1102230246251565e-16
128,0.3,0.0001,100.0,1e-05,0.7272727272727272,1.1102230246251565e-16
128,0.3,0.0001,100.0,0.001,0.7272727272727272,1.1102230246251565e-16
128,0.3,0.0001,200.0,1e-05,0.7272727272727272,1.1102230246251565e-16
128,0.3,0.001,200.0,0.0001,0.7272727272727272,1.1102230246251565e-16
128,0.3,0.0001,200.0,0.0001,0.7272727272727272,1.1102230246251565e-16
128,0.2,0.001,59.0,0.001,0.7230443974630022,0.019222243406604438
64,0.3,0.001,75.0,0.0001,0.722943722943723,0.006122136633649764
64,0.3,0.001,100.0,0.0001,0.722943722943723,0.006122136633649764
128,0.2,0.001,100.0,1e-05,0.7174066243833686,0.013952776513899458
128,0.2,0.0001,100.0,0.001,0.7174066243833686,0.013952776513899458
128,0.3,0.001,200.0,1e-05,0.7174066243833686,0.013952776513899458
128,0.2,0.0001,59.0,1e-05,0.7174066243833686,0.013952776513899458
128,0.2,0.001,75.0,0.0001,0.7174066243833686,0.013952776513899458
128,0.3,0.001,59.0,0.0001,0.7130591630591631,0.046777401880111584
64,0.3,0.001,59.0,0.001,0.7127084801503406,0.03328064035409879
64,0.2,0.001,75.0,0.0001,0.7124907612712491,0.02090485679782844
64,0.3,0.001,200.0,1e-05,0.7124907612712491,0.02090485679782844
128,0.2,0.001,75.0,0.001,0.7124907612712491,0.02090485679782844
64,0.2,0.001,100.0,1e-05,0.7124907612712491,0.02090485679782844
128,0.3,0.001,59.0,1e-05,0.7124907612712491,0.02090485679782844
128,0.3,0.001,100.0,0.001,0.7124907612712491,0.02090485679782844
128,0.3,0.001,75.0,0.0001,0.7124907612712491,0.02090485679782844
128,0.3,0.001,75.0,1e-05,0.7124907612712491,0.02090485679782844
64,0.2,0.001,100.0,0.0001,0.7071529245947851,0.040998842944828987
128,0.3,0.001,75.0,0.001,0.7070707070707071,0.0285699709570322
64,0.2,0.001,200.0,0.001,0.7070707070707071,0.0285699709570322
64,0.2,0.001,200.0,1e-05,0.7070707070707071,0.0285699709570322
128,0.2,0.001,200.0,1e-05,0.7070707070707071,0.0285699709570322
64,0.3,0.001,59.0,0.0001,0.7070707070707071,0.0285699709570322
64,0.3,0.001,75.0,1e-05,0.7070707070707071,0.0285699709570322
128,0.3,0.001,100.0,1e-05,0.7015151515151515,0.03642671297021608
128,0.2,0.001,200.0,0.001,0.7015151515151515,0.03642671297021608
128,0.3,0.001,100.0,0.0001,0.7015151515151515,0.03642671297021608
64,0.3,0.001,100.0,0.001,0.7015151515151515,0.03642671297021608
64,0.3,0.001,59.0,1e-05,0.7015151515151515,0.03642671297021608
64,0.3,0.001,75.0,0.001,0.6962305986696231,0.04390019927543976
64,0.2,0.001,100.0,0.001,0.6953748006379584,0.045110480458471956
64,0.2,0.001,59.0,0.001,0.6916490486257928,0.03183286988400426
64,0.2,0.001,59.0,1e-05,0.68997668997669,0.05274456176682876
128,0.2,0.001,75.0,1e-05,0.68997668997669,0.05274456176682876
64,0.3,0.001,100.0,1e-05,0.68997668997669,0.05274456176682876
64,0.2,0.001,59.0,0.0001,0.68997668997669,0.05274456176682876
128,0.2,0.001,59.0,0.0001,0.6778309409888358,0.06992124471063149
128,0.2,0.001,59.0,1e-05,0.6706664381082986,0.09227161717913855
64,0.2,0.001,75.0,1e-05,0.6700336700336701,0.08094825104492463
128,0.3,0.001,59.0,0.001,0.665028665028665,0.08802639700274797
64,0.3,0.001,1.0,1e-05,0.6550675675675676,0.06546445383823161
128,0.3,0.0001,1.0,0.0001,0.6519797108032402,0.048987429556977706
64,0.2,0.001,1.0,1e-05,0.6415260677914576,0.08616911745013964
64,0.2,0.0001,1.0,0.0001,0.6408496732026144,0.12447591874181457
128,0.3,0.0001,1.0,1e-05,0.638996138996139,0.0983988026052097
64,0.3,0.001,1.0,0.001,0.6381953944368445,0.0770337080831847
64,0.3,0.0001,1.0,0.001,0.6373737373737374,0.10842482774297953
64,0.3,0.0001,1.0,0.0001,0.6319003993422598,0.10869073168122546
64,0.2,0.0001,1.0,0.001,0.6271710784839067,0.12641266122676895
128,0.3,0.0001,1.0,0.001,0.6258245233577302,0.0822787509461488
64,0.2,0.0001,1.0,1e-05,0.6230281586318739,0.10848833087256379
128,0.3,0.001,1.0,0.0001,0.6205082537640793,0.1033523517678264
64,0.3,0.0001,1.0,1e-05,0.6187675070028011,0.104940754178251
64,0.2,0.001,1.0,0.001,0.6174242424242424,0.09293821323019165
128,0.2,0.001,1.0,0.001,0.6157509157509157,0.10920052253792711
128,0.3,0.001,1.0,0.001,0.6111657111657112,0.09174701292053242
128,0.2,0.0001,1.0,0.001,0.6107840388748715,0.09077069643918667
128,0.2,0.0001,1.0,0.0001,0.6031746031746031,0.12498425196844147
128,0.2,0.0001,1.0,1e-05,0.5937785075716111,0.17606470018303264
128,0.2,0.001,1.0,1e-05,0.5928571428571429,0.06624013211068361
64,0.3,0.001,1.0,0.0001,0.5926655719759168,0.07925681988390121
128,0.3,0.001,1.0,1e-05,0.5922411975542906,0.05663084007171699
128,0.2,0.001,1.0,0.0001,0.5867167919799499,0.06133032311887809
64,0.2,0.001,1.0,0.0001,0.5706795724944544,0.11185648584599013
